num_transfers,total_scheduled_time,total_actual_time,min_buffer,pct_bus,hour,day_of_week,missed_connection,deadline_slack,reached_on_time
6,3767.7914482250303,6592.234607829521,39.91523358996693,0.7931034482758621,18,1,False,1.2100489907129568,0
0,7610.0,9346.531964314736,999.0,1.0,8,1,False,1.3708102646368046,1
4,3446.314700439242,6534.554777122232,88.0,0.7741935483870968,15,3,False,1.237762314630415,0
7,2917.8184864899745,3019.063164051179,22.0,0.5,18,2,False,1.3066975376327856,1
2,4528.460148592873,5953.687302012994,103.73356631744096,0.9459459459459459,21,5,False,1.2941506115351147,0
4,8791.756715809779,9659.960124083444,137.0,0.5,16,0,False,1.152533711135654,1
0,6056.0,7778.465495220456,999.0,1.0,10,1,False,1.122087843034097,0
6,6680.040089977458,8992.469954076812,12.0,0.8653846153846154,7,1,False,1.3215175317053731,0
2,4899.460148592873,7818.631198755626,44.0,0.95,17,3,False,1.3989443022566106,0
3,2265.110780867466,4276.860105352396,130.3066975386671,0.5625,13,2,False,1.011857729267863,0
5,1063.5643139703852,1091.6241712902674,-6.0598573198821555,0.125,11,3,False,1.3675405255056057,1
0,3427.0,5493.38124226215,999.0,1.0,12,5,False,1.2366556047692145,0
6,7837.35928505618,8759.072909592833,10.0,0.75,10,0,False,1.282935736704237,1
4,2747.352500179357,4092.713173933177,-798.4410420179463,0.16,17,4,True,1.1276160211489448,0
0,4649.0,9061.505221150066,999.0,1.0,18,0,False,1.2221639382982017,0
7,4264.631400881894,5209.617433999433,10.0,0.6551724137931034,21,6,False,1.1104894627853907,0
0,5998.0,10273.693411890075,999.0,1.0,17,0,False,1.1823862412262915,0
4,7172.663779049888,8793.547480261492,49.76869632914,0.631578947368421,22,3,False,1.3661725782355139,1
2,2703.6216649961802,5945.127013557911,64.89508272074761,0.9310344827586207,19,2,False,1.255648132512299,0
8,5077.757592705396,9788.057916843707,-86.80661052846278,0.8157894736842105,16,5,False,1.2281487176118888,0
0,1441.0,2760.1562475101987,999.0,1.0,21,5,False,1.0315828832521428,0
0,8028.0,13968.989918140716,999.0,1.0,21,3,False,1.343562993622003,0
4,4927.446568958572,8205.411436383582,25.0,0.9142857142857143,6,2,False,1.034493646437961,0
6,7258.093573347756,10968.394147407038,11.0,0.8333333333333334,11,3,True,1.0275965453806966,0
2,5759.327254015479,9465.266371349298,23.681017179776383,0.9333333333333333,22,2,False,1.3904118740177434,0
8,9116.686760459132,13065.826176936669,-69.07147072781586,0.6571428571428571,11,5,False,1.2797526219422832,0
4,1139.985340112803,1444.6574400508614,55.36017572347747,0.5833333333333334,16,0,False,1.3937378418102768,1
4,4551.89440437923,7629.058523499112,22.719155117406657,0.7,7,4,False,1.289183010389892,0
8,5018.312176969591,6186.841579941317,39.91523358996693,0.7647058823529411,6,0,False,1.3933543107710635,1
6,3226.81540180001,4959.360929892597,-107.43118622277832,0.5172413793103449,22,1,False,1.0170600104297198,0
0,2938.0,7165.296562559008,999.0,1.0,19,1,False,1.1196914340996609,0
0,4513.0,6132.247128207049,999.0,1.0,18,5,False,1.1032923410711575,0
10,6017.66148576191,7327.225095596811,-185.14635811615852,0.75,14,0,False,1.2465875038147658,1
8,5548.406146605832,7833.236875011132,-328.87690623510264,0.7837837837837838,19,1,True,1.2028727167379067,0
4,6806.745341807638,7966.270690342172,49.85025908689087,0.675,16,3,False,1.2570264925460597,1
0,3595.0,3736.6001038970408,999.0,1.0,19,4,False,1.303576580399507,1
8,6581.217704428788,8627.392325657647,12.0,0.56,20,2,False,1.2254264451806578,0
4,4275.299907908174,6143.08583280053,-34.12033794141996,0.7727272727272727,12,2,False,1.3094033461117416,0
0,9469.0,11822.391008275092,999.0,1.0,18,5,False,1.4728593886670274,1
4,1716.5065127531204,2654.9220350162545,31.77294643567951,0.696969696969697,15,4,False,1.13577274986096,0
0,5952.0,8468.586050217997,999.0,1.0,11,3,False,1.1316672165913089,0
6,2175.7447421196543,2595.692784591288,22.0,0.5,9,0,False,1.233016807554974,1
8,3774.7683232168815,4402.477755416949,-95.73621366535107,0.39473684210526316,22,3,False,1.2647637540663461,1
0,6340.0,12273.56642802049,999.0,1.0,6,6,False,1.4862674499854616,0
0,1227.0,1650.3771569786436,999.0,1.0,11,2,False,1.1448187644611543,0
0,5239.0,8346.283024655255,999.0,1.0,9,1,False,1.0278670092441036,0
0,2388.0,4015.724378150352,999.0,1.0,14,6,False,1.1690217849427893,0
4,5130.634388707374,7741.953238830059,22.719155117406657,0.5882352941176471,17,0,False,1.346913245938111,0
0,5329.0,7952.461605299314,999.0,1.0,10,4,False,1.3847048183813555,0
4,5033.132615350845,8121.271813922177,-352.2760023578481,0.5813953488372093,6,0,True,1.239701347454067,0
0,11032.0,17553.16597048034,999.0,1.0,9,1,False,1.2883453431992071,0
2,1280.4601485928733,4299.249264785831,86.12153429631337,0.875,10,6,True,1.4384779959773335,0
0,1353.0,3649.9756596988072,999.0,1.0,13,5,False,1.2993939168632298,0
5,2180.2017276614733,3004.1250349662764,22.0,0.631578947368421,9,1,False,1.1221206244177728,0
0,1313.0,4904.697352587317,999.0,1.0,8,3,False,1.463964550068763,0
10,5362.352264324794,7002.023767529118,7.272407845698943,0.6206896551724138,12,1,False,1.0071399757112904,0
4,6035.859256934263,8233.680389178902,31.77294643567951,0.7777777777777778,22,4,False,1.2793966744292553,0
0,4923.0,7331.129057412367,999.0,1.0,14,1,False,1.4441539134869688,0
0,2294.0,4230.510352876312,999.0,1.0,6,3,False,1.0924926688590408,0
4,4790.941222296264,6216.329577929909,44.0,0.8974358974358975,16,3,False,1.434952794346763,1
0,3348.0,4692.822382949369,999.0,1.0,10,0,False,1.384804049834788,0
0,1054.0,4603.031166806325,999.0,1.0,20,2,False,1.1506343012537885,0
8,6294.586608044273,9983.706022655628,12.0,0.8409090909090909,9,1,False,1.079806717547368,0
8,8480.84255842566,11045.257904371625,-14.262213310431612,0.8596491228070176,17,3,False,1.4312400948933477,1
6,3904.901188406955,5566.6502180740235,3.0,0.7419354838709677,9,4,False,1.3360287198301455,0
4,3681.886331266549,4792.780261769555,59.0,0.782608695652174,16,5,False,1.4545787691193448,1
4,3080.928167643165,6219.801788371958,-915.091392565721,0.7142857142857143,6,2,True,1.058830508787758,0
8,2305.550608393534,3916.9480863336466,-132.76460716575073,0.47619047619047616,19,5,False,1.155845256651196,0
10,7099.392679060078,8755.965195194802,-218.5332541946271,0.7428571428571429,10,2,False,1.0680078585890462,0
4,2730.9002902839793,3674.2031921055836,22.0,0.8260869565217391,10,0,False,1.2598737989400899,0
3,3414.109546401252,5075.345315898665,62.18302245224722,0.8214285714285714,14,1,False,1.0754020963788333,0
0,4281.0,5456.013253101435,999.0,1.0,12,4,False,1.1778207046467122,0
6,4057.2646795504247,7846.508856786909,39.91523358996693,0.8,14,2,False,1.0633802894211721,0
2,4541.733566317441,5982.411047466624,6.392365638466416,0.6818181818181818,22,5,False,1.3114798139360562,0
0,4388.0,5667.071118396307,999.0,1.0,21,1,False,1.020554402325045,0
2,10120.225920914037,12699.77908994937,44.85779630960212,0.9487179487179487,11,0,False,1.1741890334841583,0
4,2213.5768413623236,4496.423785037651,-290.74173636709264,0.6285714285714286,20,1,True,1.3378216858425473,0
4,7920.2243760844,11560.592373435344,64.89508272074761,0.8648648648648649,7,1,False,1.1800256085091516,0
0,1311.0,1664.4321790571685,999.0,1.0,14,1,False,1.4973792920683167,1
0,2678.0,5352.497692812653,999.0,1.0,9,0,False,1.3258801221283594,0
0,6331.0,10020.838580039355,999.0,1.0,14,4,False,1.2424379844030657,0
0,4056.0,5534.682017923235,999.0,1.0,16,2,False,1.3720023678988202,1
2,8767.62166499618,16702.499107898628,-230.03034058043863,0.9722222222222222,16,6,True,1.456067401020409,0
8,3231.262705528381,4585.161072814792,-406.26990730129006,0.5862068965517241,11,1,True,1.4817350107408158,1
4,4623.851978539783,5973.466003150882,68.63808056074974,0.84375,22,4,False,1.095698465323099,0
0,6659.0,9594.373651844318,999.0,1.0,18,2,False,1.2455955967314953,0
0,1914.0,4002.134948779999,999.0,1.0,21,1,False,1.3368703594809657,0
0,6368.0,10020.973689754166,999.0,1.0,9,0,False,1.1374886912691635,0
0,521.0,590.9113730331089,999.0,1.0,6,4,False,1.4993544471532407,1
0,4978.0,7699.88579454188,999.0,1.0,9,3,False,1.1172359302033246,0
4,2774.404529179897,4332.867662318617,31.77294643567951,0.7222222222222222,13,3,False,1.0632790931031075,0
2,543.7335663174409,543.7335663174409,84.0,0.5,12,0,False,1.4292229319339864,1
0,6289.0,11695.561098567472,999.0,1.0,13,4,False,1.2382561283185853,0
2,8193.080856097025,13086.655157707542,25.0,0.9649122807017544,17,6,False,1.1902571955453034,0
6,6725.947746778715,8241.54901349699,22.0,0.5,12,0,False,1.467652226917774,1
10,7735.187785423794,10372.7774929234,10.0,0.6363636363636364,13,3,False,1.2071330125891413,0
2,6074.327254015479,7520.175590160957,23.681017179776383,0.9428571428571428,21,3,False,1.3867062456590524,1
8,15261.829724891022,17911.999380171816,-157.09840832796942,0.8409090909090909,15,2,False,1.2077843062333424,1
2,2743.6286490381885,6371.187771452154,103.73356631744096,0.9354838709677419,12,4,False,1.2132554382260001,0
6,6305.505751947247,8783.145716963129,44.0,0.868421052631579,8,6,False,1.0224357081838842,0
0,7559.0,13080.634335397866,999.0,1.0,10,2,False,1.2626297614585498,0
4,2671.040263856108,4250.441395826132,88.0,0.6486486486486487,11,0,False,1.3434733427424668,0
2,9488.231440392465,10312.185927892931,-4.557554212273686,0.8947368421052632,15,6,False,1.1158135404234404,1
2,5835.860087955836,7743.437813275316,-299.49445571594623,0.92,19,4,True,1.378171264508889,1
6,3385.451944107084,4575.500504670407,-2.08147129500583,0.6666666666666666,12,0,False,1.4361781882736122,1
0,3707.0,6041.849775461267,999.0,1.0,11,6,False,1.2802671205806226,0
0,3192.0,8754.969222573458,999.0,1.0,7,1,False,1.2948798086210993,0
4,5471.419441448665,10256.832184227078,-473.9390598763344,0.7903225806451613,15,6,True,1.446258889859996,0
4,5322.432352105998,6119.5852354782555,-121.9813537484257,0.8709677419354839,9,1,False,1.0775142750103663,0
4,4439.270338453233,8520.981656682692,49.54375617780053,0.8490566037735849,20,2,False,1.32775315922173,0
4,9287.341588369125,10804.00523126246,115.08631049858306,0.6086956521739131,17,3,False,1.240224662562539,1
10,8904.55076691074,10725.589862039687,-332.9813396139917,0.7419354838709677,9,6,True,1.213874412507097,1
0,4482.0,5539.585720156571,999.0,1.0,9,4,False,1.0061530330823532,0
4,3652.2628070433993,4602.08048879606,68.59214129094835,0.36666666666666664,12,6,False,1.4324077897311047,1
2,1893.480344435664,1942.064696468924,40.48034443566385,0.21428571428571427,22,6,False,1.4607362381969455,1
0,6652.0,9184.721254742071,999.0,1.0,22,4,False,1.0349276342796971,0
0,4211.0,7379.571772707622,999.0,1.0,18,6,False,1.3661043273084932,0
8,5947.262705528381,7292.259173163067,2.0,0.76,21,4,False,1.4859061092728187,1
8,5397.362920770379,7419.105007114721,44.0,0.8181818181818182,8,6,False,1.3626101061038973,0
4,2580.8271696379443,3540.5401414615103,-146.59139076803567,0.8571428571428571,12,2,False,1.206546249093533,0
2,4085.8459072737037,5728.191937407757,87.84590727370347,0.8235294117647058,10,3,False,1.007729628827037,0
6,3694.6158824075364,6927.542173535221,11.0,0.8809523809523809,22,5,False,1.146012641955998,0
2,1667.897799028768,1667.897799028768,133.0,0.0,6,2,False,1.063999782495321,1
8,4343.017983670988,4666.190298455642,22.0,0.16129032258064516,18,6,False,1.4483983494517139,1
0,4931.0,8764.865574062103,999.0,1.0,19,5,False,1.4397712939634477,0
6,5138.244106660144,6309.742116128449,10.0,0.5957446808510638,17,1,False,1.3335158480600695,1
6,8549.456435016134,11303.96398920458,-32.186712145767565,0.7884615384615384,15,1,False,1.2151154601258367,0
4,6731.605879334553,9230.145366852761,-126.22382081967231,0.8787878787878788,20,0,False,1.2414245507507122,0
8,14945.423620728898,16897.129490840125,11.0,0.75,6,4,False,1.495896859271263,1
8,3431.7561954823786,4075.979828511472,44.0,0.7741935483870968,6,5,False,1.351148983713585,1
3,9794.230812245043,9794.230812245043,84.0,0.21428571428571427,20,4,False,1.3917170730948605,1
4,5694.018309373604,7729.95999308541,4.646236835703172,0.7837837837837838,18,1,False,1.394185631604406,1
0,3953.0,6073.119933943454,999.0,1.0,14,4,False,1.3062084566089285,0
0,4376.0,7292.405754632982,999.0,1.0,16,1,False,1.083282846614586,0
2,2566.77294643568,4024.272602414333,31.77294643567951,0.6086956521739131,12,3,False,1.05672812937215,0
2,2813.6216649961802,5961.076118682708,64.89508272074761,0.9411764705882353,21,0,False,1.1114796146884482,0
2,2402.8964612857944,3214.698269473626,93.89646128579454,0.44,20,5,False,1.3622743570116813,1
4,1894.2140303593421,2288.547101736567,64.89508272074761,0.5333333333333333,17,2,False,1.3042571715077773,1
8,4778.309455015056,6134.456892332881,22.0,0.7666666666666667,13,3,False,1.1130548195222902,0
8,4094.1699698299567,5130.477230434389,-63.77327036473049,0.7083333333333334,20,2,False,1.3419688769607758,1
0,7215.0,9575.331933541622,999.0,1.0,8,1,False,1.0804402846937118,0
0,7322.0,9538.096392158193,999.0,1.0,16,1,False,1.1012757660281687,0
6,1005.3359806806876,1530.875900288711,-193.29924317930812,0.3333333333333333,9,4,False,1.3294075928952116,0
8,5197.714842153191,5905.177365841957,10.0,0.4857142857142857,6,2,False,1.3670849318368559,1
8,5697.250154255458,9268.43101513173,0.23218899876755264,0.6222222222222222,8,6,False,1.1189229737584263,0
0,3021.0,4728.699743951744,999.0,1.0,10,2,False,1.1525486291911078,0
2,3057.4485887715023,5343.254806025223,-271.8835642153327,0.9523809523809523,6,5,True,1.4832566490280037,0
4,5889.90029028398,7899.275930540243,-311.0325900926762,0.875,16,5,True,1.1853788575620445,0
8,4920.634558173398,6526.842291791435,22.0,0.45,13,2,False,1.3002819493187239,0
6,3496.3592850561804,5366.107782737069,10.0,0.7,13,5,False,1.1068512641031845,0
4,3263.6506753854037,4568.082396019397,-56.107013549853036,0.6451612903225806,12,3,False,1.05028719114758,0
10,6806.289710014517,9831.450958780133,22.0,0.5416666666666666,20,0,False,1.1246778220039786,0
4,3605.1037195531353,3891.345534506118,31.77294643567951,0.7391304347826086,14,6,False,1.0253210639375379,0
0,2083.0,3553.6125313397883,999.0,1.0,21,6,False,1.4818629107136678,0
4,3697.9483583012657,4406.329022102631,3.0,0.4642857142857143,22,2,False,1.0868532293449986,0
5,5724.776082219108,8959.28623542836,32.50758429647689,0.75,7,6,False,1.4271447180285386,0
4,6740.5413195564515,9870.488654379966,-241.03152987503205,0.574468085106383,10,5,True,1.005220286645383,0
4,5857.018168762508,8113.463884316774,138.0,0.55,6,1,False,1.222308017875754,0
6,4982.800775335187,6468.359493114619,-167.82860087683792,0.7391304347826086,8,2,False,1.1789603840272498,0
4,2818.7107966138046,6326.611251131208,12.0,0.6551724137931034,19,2,False,1.4773966458026042,0
4,2424.045654653956,3921.1286558692777,85.38679094380448,0.7777777777777778,7,1,False,1.2502438943879406,0
4,4839.955022965579,7885.302090317909,-441.63646396184146,0.7419354838709677,21,0,True,1.274855172846801,0
8,5389.398665174419,6542.111717727843,10.0,0.5333333333333333,9,6,False,1.0296131379291957,0
0,3285.0,5896.62544030225,999.0,1.0,15,1,False,1.242182643639775,0
3,1976.7587494200027,2161.8268977086937,79.0,0.375,20,4,False,1.1674167607103318,1
2,6987.400738404883,8999.913745453601,78.16854940611499,0.96,8,2,False,1.0379505824986843,0
0,7120.0,10023.12391054403,999.0,1.0,12,4,False,1.0247127429962568,0
0,1438.0,2470.1744442181675,999.0,1.0,13,5,False,1.3882739456406905,0
6,8910.813146850738,11194.983750653786,-221.7301760171143,0.7647058823529411,13,4,False,1.335977990339281,1
3,2399.1717428700586,3655.7000521652735,63.91355829609498,0.2727272727272727,16,3,False,1.0891143912928536,0
10,6609.990703897873,8204.759612616162,22.0,0.7352941176470589,21,5,False,1.0723785949010072,0
3,1677.7883789948528,2921.553443514787,31.77294643567951,0.25,17,0,False,1.2112181395198385,0
0,6765.0,11535.71381951849,999.0,1.0,21,5,False,1.3495145226025986,0
6,8161.505751947247,13007.541953353712,-208.21910252785176,0.8888888888888888,13,1,True,1.3872649354097593,0
0,3873.0,5283.321174013831,999.0,1.0,13,1,False,1.1955471749886317,0
6,7276.288648960486,9011.291519524373,-4.102267287195012,0.6,13,2,False,1.3404525345515017,1
0,5411.0,10956.50933701618,999.0,1.0,17,4,False,1.3339682092826908,0
1,464.65869653547975,523.1130485645245,65.35494278248238,0.0,21,4,False,1.193327184508485,1
4,6919.827169637944,12011.873699201456,-179.48222703878236,0.9148936170212766,15,2,False,1.0550637236230118,0
0,4588.0,7205.193706687198,999.0,1.0,8,4,False,1.2860960712355713,0
0,5457.0,6327.747002393072,999.0,1.0,16,1,False,1.3897139504096767,1
4,6384.437378889237,9330.380623492876,-208.65363466663783,0.9069767441860465,11,3,False,1.36897360044683,0
0,2015.0,4890.4760070994025,999.0,1.0,16,5,False,1.366144763644541,0
6,4465.5057519472475,6345.629831099091,-288.6368169892282,0.782608695652174,10,5,True,1.4765322376115213,1
8,5633.47712150423,10113.478203165103,-515.0574808305665,0.6744186046511628,21,0,True,1.1761612662222218,0
2,1585.4601485928736,3574.236451650943,10.0,0.9047619047619048,6,3,False,1.3682076895001813,0
7,2796.692823957284,4366.530195204953,-51.87129366097791,0.6923076923076923,16,4,False,1.429067530472618,0
2,2129.1754842149003,2806.182817363881,26.17548421490005,0.8125,14,1,False,1.1080508623726029,0
4,9734.703142622606,10326.079635312597,79.47801252071599,0.68,14,3,False,1.036961540719193,0
6,9393.113600988814,13214.511423329739,22.0,0.88,11,2,False,1.4197329882413352,1
6,6712.651630447432,10916.130209789268,0.23218899876755264,0.8356164383561644,12,0,False,1.1516439625600032,0
2,10224.628649038188,12998.60594798389,103.73356631744096,0.9555555555555556,13,1,False,1.1884118890811044,0
0,4935.0,5203.697041527569,999.0,1.0,20,1,False,1.3443164823947122,1
0,2812.0,3164.572836514259,999.0,1.0,15,3,False,1.0020449508987275,0
10,8022.970676256814,12805.98961276602,-79.36638801601083,0.82,16,5,False,1.2772978345300754,0
2,4074.6286490381885,4724.72952829946,103.73356631744096,0.9,15,1,False,1.1244847256690331,0
4,6623.576099900523,8328.964190376233,23.681017179776383,0.5238095238095238,13,5,False,1.1906744303394654,0
2,5653.895082720748,6521.053011090649,64.89508272074761,0.5185185185185185,18,1,False,1.2050468975302604,1
3,2425.3295212078706,3349.359776635285,64.89508272074761,0.7333333333333333,13,5,False,1.026396212032984,0
6,5273.5057519472475,10119.669321320165,12.0,0.84375,9,4,False,1.1637810063615972,0
0,4637.0,6545.721995632525,999.0,1.0,19,4,False,1.0020750588739311,0
4,5190.941222296264,8307.18595671234,-26.651455138854686,0.9047619047619048,19,3,False,1.3465020481202967,0
0,3607.0,5901.718368962459,999.0,1.0,11,5,False,1.3940344947314818,0
3,1046.2299978050942,1443.6591521486532,68.63808056074974,0.4,21,4,False,1.4400395006743365,1
1,4154.76982371809,4987.475046488572,63.91355829609498,0.9090909090909091,22,5,False,1.499877632392459,1
10,7866.116554756999,10496.907115758422,-588.3623813843591,0.6190476190476191,12,4,True,1.3646450421190024,1
4,2737.6684730546335,3953.901349441888,87.84590727370347,0.75,9,3,False,1.3851969993196818,0
0,4080.0,7802.1547935310955,999.0,1.0,18,6,False,1.2699225733354003,0
0,2878.0,3192.1980029096485,999.0,1.0,15,5,False,1.4693158915576126,1
6,3673.9451005434985,5184.804182170224,-119.34680651146124,0.8333333333333334,17,6,False,1.431868181036575,1
2,8083.714034603734,8454.73819135931,115.08631049858306,0.9130434782608695,8,1,False,1.012125855839379,0
0,2264.0,3108.480995900319,999.0,1.0,13,3,False,1.397549027817699,1
0,3223.0,4460.4751177068,999.0,1.0,18,4,False,1.4818695226721375,1
8,3117.2997039011257,4607.1217145395185,10.0,0.6538461538461539,14,6,False,1.455814267964249,0
0,1857.0,3175.744965217169,999.0,1.0,8,5,False,1.064220933384363,0
0,1523.0,2482.3147378704007,999.0,1.0,14,3,False,1.4402207453986628,0
8,6397.39441506788,10319.972092223981,-396.1838037198765,0.5909090909090909,13,4,True,1.3144995130313917,0
4,11334.804061229956,12160.695452430413,68.63808056074974,0.8181818181818182,15,4,True,1.0059636683955413,0
0,2612.0,5824.886149159827,999.0,1.0,11,1,False,1.1449378875893417,0
0,1199.0,1440.7505226148655,999.0,1.0,20,3,False,1.1222160098443414,0
0,2889.0,4618.471130633699,999.0,1.0,22,2,False,1.194627730829105,0
0,4476.0,7745.975035426728,999.0,1.0,21,3,False,1.029365471139028,0
0,3830.0,5292.829714658288,999.0,1.0,19,0,False,1.3753782063167568,0
6,5972.520801459486,7212.4901794421985,10.0,0.8461538461538461,6,1,False,1.2843367481536614,1
0,2864.0,4504.938991747832,999.0,1.0,15,4,False,1.1283814283253015,0
4,3637.847436357997,6531.651241782773,-121.78963985378937,0.9117647058823529,12,5,False,1.1936204722005654,0
6,4047.9858847163446,5333.317825318775,-15.909661302357875,0.42857142857142855,14,2,False,1.4350847994447375,1
0,4922.0,8448.670413338417,999.0,1.0,11,0,False,1.0517360823480628,0
4,13826.804061229956,18839.757363345205,68.63808056074974,0.9285714285714286,22,0,False,1.3272603314163949,0
6,2935.328167117019,3397.266039276865,39.91523358996693,0.2631578947368421,22,0,False,1.3061349977138308,1
2,6507.068809287584,7244.20089865326,105.44108518243299,0.8181818181818182,17,2,False,1.2750871914328321,1
2,3942.0475104837906,5531.078227627951,-138.52265720421718,0.9285714285714286,13,3,False,1.2284581804008636,0
6,5825.119809092888,7027.521870562043,22.0,0.5,8,0,False,1.3920826840718137,1
4,3972.5209248393417,4579.54254194545,49.85025908689087,0.4411764705882353,9,2,False,1.432161758461165,1
6,6012.040089977458,9934.343892777271,12.0,0.8571428571428571,9,2,False,1.2805534868344226,0
4,2430.9412222962637,4086.527311760663,44.0,0.8461538461538461,6,2,False,1.0044409578026157,0
0,8645.0,12673.083992681024,999.0,1.0,15,3,False,1.0310306530407376,0
6,2938.113600988814,4028.1085410119767,22.0,0.75,12,0,False,1.4006669807209235,1
6,4588.744742119654,6344.092309218011,22.0,0.7567567567567568,11,2,False,1.1347504730076556,0
6,6125.113600988814,8438.709375088954,-25.432220872435273,0.8333333333333334,7,5,False,1.3559638088884292,0
4,10743.028224306221,11983.843407193664,31.77294643567951,0.8333333333333334,12,4,False,1.0930135848938407,0
4,1346.5862945607494,1932.913322364556,39.38991457788194,0.6666666666666666,21,5,False,1.3654378963609357,0
6,4504.409506492815,6353.082213591302,10.0,0.8076923076923077,20,2,False,1.1508530771461192,0
7,2393.87187493302,2393.87187493302,22.0,0.38461538461538464,17,4,False,1.2866102417193046,1
6,6479.457149405802,8843.723561513594,12.0,0.6444444444444445,21,5,False,1.1119505817152184,0
8,3503.051099495882,3743.9687919885355,44.0,0.6111111111111112,12,1,False,1.1675179123205104,1
8,7458.700731719474,11658.160138051559,-384.4866686637474,0.7627118644067796,13,2,True,1.4428899234921517,0
7,3901.114430233992,4427.0037779244185,11.0,0.6774193548387096,22,5,False,1.436416799591621,1
6,5516.244106660144,7873.2709417913775,-176.95876675198434,0.6122448979591837,19,0,False,1.0490610415562052,0
4,983.6429104470919,983.6429104470919,44.0,0.16666666666666666,20,6,False,1.4762934531353389,1
8,4784.0389637308235,9290.25952904597,-242.38973205048174,0.7894736842105263,17,3,False,1.463372532632254,0
0,5761.0,10096.96984144506,999.0,1.0,21,5,False,1.108877335027025,0
2,4552.628649038188,6389.729524328646,103.73356631744096,0.9393939393939394,17,0,True,1.1266103175599218,0
2,7188.442522306978,10226.488118462077,3.0,0.9583333333333334,11,6,False,1.4320124390552205,1
6,8110.906129532637,8584.619635603565,11.0,0.5,11,5,False,1.0443558116740794,0
4,3130.5110974431336,5369.506293056923,-767.2713476116232,0.5925925925925926,10,0,True,1.2316457335132043,0
4,9509.53689113493,16572.980274822552,19.0,0.948051948051948,16,4,False,1.396080610450737,0
6,5425.0038807282235,8657.500810675232,-16.67500161345346,0.7959183673469388,19,3,False,1.495094515990661,0
6,7614.113600988814,13688.323418495163,-437.9233537333139,0.8571428571428571,15,3,True,1.2331165737862007,0
4,3534.875705969377,4535.900573914467,22.0,0.84,19,4,False,1.0547132419677832,0
10,7114.909228792716,9647.728002193857,0.23218899876755264,0.5151515151515151,11,0,False,1.3390711860600382,0
6,7875.674252392562,13716.790629454068,12.0,0.9193548387096774,17,1,False,1.3833698749405263,0
6,11579.37363664803,12691.124281104903,44.0,0.6153846153846154,7,4,False,1.1431280350748314,1
6,2859.696203689394,4246.744242117558,2.0,0.7777777777777778,13,6,False,1.461508935448128,0
4,3738.397323813213,6539.788118721916,13.50224109246566,0.6551724137931034,17,2,False,1.214440318321819,0
8,7164.801448945729,10143.002194559811,10.0,0.8,16,5,False,1.4196204289996317,1
0,4960.0,7364.110850916658,999.0,1.0,22,0,False,1.0438448374023128,0
0,4528.0,7022.5680302783285,999.0,1.0,20,5,False,1.000512141856081,0
6,6783.667268350554,9067.51591129354,44.0,0.868421052631579,22,6,False,1.2654224132629184,0
8,5746.407737273677,8443.397825612305,22.0,0.45,8,2,False,1.1253173695446126,0
10,8137.946302017122,8984.559438277829,10.0,0.6538461538461539,13,1,False,1.096002022684427,0
4,2885.517950044422,2988.0270178500614,125.37207253790066,0.47619047619047616,15,3,False,1.04372139962664,1
0,7601.0,11012.538477481643,999.0,1.0,6,2,False,1.386576603986314,0
6,2969.6516304474317,4007.377025606363,0.23218899876755264,0.625,6,2,False,1.2885495424143978,0
6,9325.113600988814,12955.455117188749,8.72875409134483,0.8909090909090909,14,1,False,1.3598646986382361,0
0,5506.0,8040.057504951039,999.0,1.0,8,1,False,1.428885700424598,0
0,8470.0,10629.192941895682,999.0,1.0,12,3,False,1.3880775697097447,1
4,2601.9112855704534,3023.8481254719204,11.0,0.7894736842105263,22,0,False,1.4585797777776945,1
10,9711.736144231065,11616.492448707559,-131.79209568258614,0.4864864864864865,22,2,False,1.0897040894918777,0
6,8419.320583278382,10196.457265780764,12.0,0.3333333333333333,10,3,False,1.3578153333384804,1
6,7308.674252392561,9762.750588035544,-124.2080459927713,0.8888888888888888,20,0,False,1.2591515971644731,0
3,1132.8307476529446,1976.296658015154,68.63808056074974,0.5,11,1,False,1.4689961269485223,0
8,5170.29845797442,5223.71739290782,22.0,0.5,8,0,False,1.1342961012856632,1
10,6393.143243123452,7651.992538813297,-322.900377154706,0.4888888888888889,12,0,True,1.0723833914938676,0
0,719.0,1125.8201528329132,999.0,1.0,11,4,False,1.2600941171022233,0
0,3908.0,5108.530419956573,999.0,1.0,22,3,False,1.3970549034336264,1
4,3271.1694159293556,5543.270971854761,68.63808056074974,0.8928571428571429,14,1,False,1.1643513851373095,0
8,5071.315941807607,7040.4404866038885,-5.511578125083155,0.6857142857142857,18,5,False,1.1018152600671316,0
10,10194.970676256813,12724.132005736707,11.0,0.8524590163934426,11,4,False,1.0353629122251797,0
0,6270.0,10713.088609628465,999.0,1.0,19,1,False,1.3504328834867254,0
0,1321.0,2410.789786423663,999.0,1.0,6,6,False,1.0255725889132523,0
0,3837.0,4975.7402883040995,999.0,1.0,20,2,False,1.428462834248705,1
2,990.4601485928735,1465.3712088374566,103.73356631744096,0.8888888888888888,17,5,False,1.2258474248464075,0
0,6277.0,8821.380537695497,999.0,1.0,9,6,False,1.0419194932769216,0
8,3496.923271693223,3715.8584936920547,0.23218899876755264,0.5333333333333333,8,2,False,1.185381783589154,1
8,6944.461820307792,9282.45089369246,-197.20787101039141,0.7,8,5,False,1.2286041563787127,0
4,13114.675468952748,13489.931079323076,-2.0128819389830284,0.7142857142857143,12,2,False,1.0959597144431328,1
4,4293.097989692793,6415.751228744894,-3.6319759240281257,0.6666666666666666,11,4,False,1.28529413421706,0
0,8272.0,11008.294041733287,999.0,1.0,10,4,False,1.2608612882053247,0
0,8247.0,12233.731346190805,999.0,1.0,12,6,False,1.4989608673284653,1
0,6088.0,8893.286403642962,999.0,1.0,18,2,False,1.0982870124005548,0
4,5262.499528711112,10027.055436815308,23.695627249763263,0.8148148148148148,19,2,False,1.0758056639271445,0
8,11568.453768497551,13890.694806957259,11.0,0.6071428571428571,10,4,False,1.2885867362288181,1
5,1007.3948440057391,2869.424071034269,22.0,0.5384615384615384,16,2,False,1.4958295328855216,0
0,4695.0,6893.53827407678,999.0,1.0,7,3,False,1.1542796124449153,0
8,6520.40614660583,9494.083871935041,-953.7708190394208,0.8095238095238095,12,5,True,1.1673237179642098,0
8,5196.406146605832,7047.095820645918,11.0,0.7777777777777778,13,5,False,1.0024577565096027,0
4,7039.767373976734,8259.820972369576,-70.81497120538523,0.8108108108108109,6,6,False,1.3762376423747062,1
4,7887.061111096488,10896.30777388833,25.0,0.6792452830188679,12,2,False,1.1716518483098153,0
6,1210.4457510947855,1571.3238282336724,-316.8780771388869,0.1111111111111111,11,5,True,1.4653147024112696,1
0,2574.0,3385.7826057785387,999.0,1.0,18,0,False,1.0946666187811953,0
8,7778.39441506788,10326.956292372417,10.0,0.6842105263157895,17,0,False,1.2520750787965196,0
2,2953.6216649961802,4557.7774734870645,64.89508272074761,0.9354838709677419,10,3,False,1.1959177964066243,0
4,5161.880489796336,7355.336890211285,-380.3133240012474,0.8666666666666667,22,2,True,1.1491708278373356,0
0,4587.0,5591.769157801344,999.0,1.0,15,5,False,1.2377966920707557,1
7,4812.972790897137,5912.607552949191,10.0,0.7352941176470589,7,0,False,1.153672627712966,0
4,4099.092976233038,6023.918664875713,13.50224109246566,0.6176470588235294,10,4,False,1.4705162092169286,1
8,8342.718424423801,9168.901336245293,40.76974120531616,0.7333333333333333,16,1,False,1.1087872623946278,1
4,7887.955022965578,10728.596910518638,-256.9779758525074,0.8,11,2,True,1.1161949289940747,0
0,8305.0,13585.612236712663,999.0,1.0,6,2,False,1.2778450836289783,0
4,6047.005135434447,8595.003801254117,-67.41780829567955,0.7111111111111111,14,2,False,1.3366902096490874,0
8,11446.804998258014,12002.025870065152,44.0,0.631578947368421,21,5,False,1.3141337481664084,1
2,7801.628649038188,9398.656543553889,103.73356631744096,0.9534883720930233,17,6,False,1.2321295767641094,1
6,9531.505751947247,12950.39868019415,44.0,0.9107142857142857,11,0,False,1.4336982667205385,1
4,5215.033027779508,7820.985018842369,-39.14173968604747,0.7906976744186046,6,1,False,1.0800582454610663,0
0,2545.0,3794.265247567098,999.0,1.0,21,0,False,1.1715528216474391,0
7,6196.932135914372,7431.5408289693305,-340.9148634135262,0.7647058823529411,19,0,True,1.2227986410993923,1
10,13647.487652628079,15459.15572788481,-169.52694174187022,0.7560975609756098,20,0,False,1.0195411874909177,0
8,14324.249045846216,16023.761686509166,11.0,0.7142857142857143,18,2,False,1.4916163316974607,1
4,4411.62320552257,6165.663537144894,31.77294643567951,0.4473684210526316,16,6,False,1.4201060445216498,1
8,11211.18498215195,11450.433101464303,10.0,0.5769230769230769,10,6,False,1.4017171592273154,1
0,2174.0,6395.657439002523,999.0,1.0,20,2,False,1.4745981605884972,0
0,9540.0,12758.29319333368,999.0,1.0,20,2,False,1.1528297721359424,0
6,11300.717746938157,15451.695753368842,-279.49894694972767,0.9178082191780822,17,0,False,1.2389113825541007,0
2,8336.708726265351,10359.445474706765,91.0,0.8181818181818182,15,5,False,1.4345016907712733,1
0,2449.0,3609.113179848477,999.0,1.0,8,0,False,1.2275526056464736,0
6,8864.886247383472,10353.862418785619,11.0,0.8,20,3,False,1.1405441786024821,0
4,4254.324431812369,5956.070334245908,37.4657856494882,0.8571428571428571,7,0,False,1.408026246178673,1
7,3896.217860029688,3896.217860029688,10.0,0.39285714285714285,14,4,False,1.3370237172318664,1
8,7542.4777100525935,9793.135662399807,-290.83460636740597,0.8431372549019608,16,5,True,1.291697412634786,0
4,2046.541004689899,3438.4013285711617,39.91523358996693,0.8518518518518519,7,1,False,1.3066459382480848,0
4,6037.321126768345,7087.697367465974,112.17524926182361,0.6470588235294118,6,1,False,1.3654861997168317,1
4,6055.111573205757,11295.303921832128,-68.68930449590789,0.8292682926829268,10,2,False,1.0739695642544458,0
6,3901.1984906270086,4920.87272641733,-220.78612848567496,0.5714285714285714,19,1,False,1.2390072689548615,0
8,5741.461820307792,8937.491038526996,-550.0695239049446,0.6538461538461539,15,5,True,1.1222142574867255,0
0,6855.0,9440.589506026148,999.0,1.0,20,4,False,1.4049671026817536,1
7,3416.1776747676367,4649.984445000144,0.23218899876755264,0.39285714285714285,8,5,False,1.2038054918416132,0
4,6868.598608544324,10783.09937514828,12.872026268890655,0.8484848484848485,20,3,False,1.1605456377331211,0
0,4795.0,10983.774729815108,999.0,1.0,17,0,False,1.3891924705300336,0
0,6480.0,10326.668722807475,999.0,1.0,8,4,False,1.1978823191695518,0
7,4597.48007779652,5656.612636265926,-253.41869451115792,0.7307692307692307,9,4,False,1.3232920206237275,1
0,3943.0,5244.771733798069,999.0,1.0,21,0,False,1.0174925646738295,0
8,11575.227157532468,12160.964546069376,44.0,0.5833333333333334,18,5,False,1.2338666365260609,1
0,5758.0,8242.140732808615,999.0,1.0,18,6,False,1.419659253201476,0
8,6582.5586663504855,9178.246756334933,11.0,0.8,19,1,False,1.450139624940284,1
4,5247.736155807288,8153.208284931308,55.36017572347747,0.8055555555555556,11,0,False,1.2123860224600067,0
4,3807.284317396453,5115.164658709431,4.646236835703172,0.46153846153846156,14,4,False,1.472158330847039,1
8,4486.0389637308235,8866.539624722669,12.0,0.7777777777777778,6,5,True,1.0948402914994895,0
3,3602.245918511067,3739.3088641883714,108.10004100454586,0.35,20,3,False,1.4080061670540944,1
0,4350.0,6996.353922404315,999.0,1.0,19,1,False,1.3182392181784104,0
6,2391.5879908547795,4225.463804353653,-268.1979973811557,0.6842105263157895,12,6,False,1.44402640555975,0
4,2081.438838898548,2330.928961051339,49.54375617780053,0.5294117647058824,10,5,False,1.0092972071620465,0
8,13345.829724891022,17730.523499483515,-187.7253061505072,0.8653846153846154,10,5,True,1.1940750824908404,0
5,3503.691511420346,5391.463919322547,-878.0959635362202,0.5769230769230769,17,5,True,1.4799649912578272,0
6,5844.651630447433,10247.417588543229,0.23218899876755264,0.7777777777777778,17,4,False,1.1588947756505257,0
0,6601.0,10858.146077478026,999.0,1.0,8,4,False,1.1474474825881011,0
0,1761.0,2638.6319060369506,999.0,1.0,17,1,False,1.0077468178456486,0
0,2826.0,7631.873681846174,999.0,1.0,8,5,False,1.3330678345953832,0
7,2329.8072295881634,2950.482551993198,10.0,0.52,21,1,False,1.2602114443097714,0
6,9583.505751947247,14105.966813066576,-7.101900426685209,0.9074074074074074,15,4,False,1.1451708799966815,0
2,1898.5217808475995,2825.0197977610214,-527.3959106216579,0.8823529411764706,8,3,True,1.3287657198860563,0
3,4483.240484303359,6319.5327122326535,64.89508272074761,0.8333333333333334,17,3,False,1.3611576039946345,0
0,2386.0,6728.213082357253,999.0,1.0,6,2,False,1.0554850560544744,0
4,5339.379803153144,6868.160611148472,4.646236835703172,0.5555555555555556,8,5,False,1.3872097571066213,1
8,5344.696738504562,8102.719476068659,11.0,0.825,15,3,False,1.4441421134076733,0
4,6423.940651087955,8815.551348939143,3.0,0.8444444444444444,18,0,False,1.4557819553964328,1
10,4819.66148576191,6095.412944371689,-453.4964046173884,0.7142857142857143,13,4,True,1.2910766786568042,1
2,5188.327254015479,9316.420276166999,23.681017179776383,0.95,14,4,False,1.2558608112507423,0
0,2535.0,5039.521277546219,999.0,1.0,19,4,False,1.4861823217175647,0
7,2394.8367110782533,2633.574088636023,12.0,0.5416666666666666,8,0,False,1.4630959001003798,1
0,5428.0,6918.227134235109,999.0,1.0,11,5,False,1.088384414143365,0
4,11794.968299531864,11945.648311364457,79.47801252071599,0.3076923076923077,11,6,False,1.0277213932810798,1
4,15277.95869641933,16080.847590062589,88.0,0.8108108108108109,16,2,False,1.4640645868812456,1
6,2188.6599144376623,4703.032192759972,-467.07834879404754,0.5714285714285714,6,4,True,1.149251009264617,0
4,4880.270937421606,6360.9252053298505,13.50224109246566,0.4883720930232558,11,5,False,1.4269424218129718,1
6,7189.093573347756,11328.168087827597,11.0,0.8421052631578947,17,2,False,1.3949951735866588,0
7,2661.148796402645,4111.881904465774,-239.57878360446662,0.36363636363636365,18,2,False,1.458273534449047,0
8,3352.6345581733976,4459.180443064944,22.0,0.2903225806451613,17,0,False,1.0062245180382565,0
4,9186.529899690913,9799.612689096717,3.0,0.3684210526315789,9,0,False,1.0323191448362454,0
0,6725.0,8351.372225024348,999.0,1.0,11,4,False,1.0993731906516677,0
7,5943.832813493583,8083.507041961113,22.0,0.825,9,2,False,1.3497958148613651,0
8,5809.593043088063,7942.736587905078,13.50224109246566,0.4418604651162791,10,5,False,1.2456879826193556,0
0,5849.0,10471.269042423492,999.0,1.0,10,4,False,1.294666796190405,0
8,4257.624176943661,5997.823942529103,-27.027235849599826,0.7878787878787878,7,3,False,1.4045161465046845,0
4,5882.955022965579,7398.29249091776,61.0,0.6923076923076923,7,0,False,1.203894001647489,0
8,7375.108463035467,12347.394611460937,-125.71709252888152,0.8596491228070176,19,6,False,1.188228160478328,0
0,9678.0,15290.36975308859,999.0,1.0,21,4,False,1.3003538473357297,0
0,3739.0,5430.405536855793,999.0,1.0,21,5,False,1.4278935597043305,0
0,5637.0,6646.731709196341,999.0,1.0,19,5,False,1.367841979350531,1
3,1830.9105152799211,2607.7789617539183,64.89508272074761,0.6,22,5,False,1.1123614549006833,0
4,9582.951712377322,12830.935771807237,-755.2627846009908,0.6818181818181818,19,4,True,1.429210096222675,1
0,6158.0,8867.573604915906,999.0,1.0,13,5,False,1.4705640693441562,1
10,7289.990703897873,9638.846339842592,22.0,0.8163265306122449,15,1,False,1.1260118361584959,0
8,7212.108463035468,13240.097046450834,-877.3273803292868,0.84,13,0,True,1.2623877891076822,0
4,3918.3576064750346,6982.836078415862,-383.2409864099045,0.875,8,4,True,1.2496825701142023,0
6,7896.288648960487,12591.793757020187,12.0,0.7894736842105263,15,1,False,1.3323583129862326,0
0,5426.0,5858.979434595945,999.0,1.0,17,2,False,1.2189970990269452,1
0,2213.0,3870.7449959280148,999.0,1.0,6,5,False,1.23921279464669,0
6,8347.717746938157,11019.291188821317,2.591984928917295,0.8604651162790697,20,6,False,1.0755132268127499,0
3,4578.928167643165,6662.349054371044,64.89508272074761,0.84,11,1,False,1.1830356655788257,0
4,1660.4194414486644,3461.027848985208,7.150402783142718,0.7741935483870968,17,1,False,1.4173015530153743,0
8,4645.29638449119,7398.85531583734,-15.686284045420518,0.6470588235294118,10,2,False,1.1640408755988825,0
6,1681.2569158400493,2096.8001963464476,-277.06569183288406,0.42857142857142855,11,2,False,1.1813533826018345,0
10,6800.970676256815,9129.277986569605,-442.90944512576544,0.775,10,4,True,1.1034621462431478,0
0,4277.0,7244.955935138707,999.0,1.0,10,5,False,1.0477790166514713,0
0,4959.0,7520.437622804705,999.0,1.0,10,4,False,1.3309218543685881,0
6,11340.35928505618,14861.758132910898,-90.6075915107496,0.8983050847457628,7,2,False,1.0570879139980567,0
3,2867.522489568565,3305.671766355399,99.0,0.47619047619047616,20,1,False,1.3725571902323037,1
8,5768.5051881656755,6940.270534004873,-150.1120998894752,0.5,12,6,False,1.0867578638230604,0
6,5394.690627358526,6759.497365127368,31.77294643567951,0.875,18,3,False,1.0325403257366028,0
2,12465.323972943776,15448.234385483242,25.0,0.9310344827586207,10,5,False,1.4170926444438192,1
6,7347.113600988814,10471.423382750065,-344.6266366853211,0.8235294117647058,9,2,True,1.1857858507675545,0
0,1189.0,2004.7834637780793,999.0,1.0,6,5,False,1.4084012215247006,0
6,5689.5414195135445,6903.5984873022535,-205.25636402532797,0.6785714285714286,9,4,False,1.4383243656976898,1
10,7540.970676256814,10140.834857220678,-426.5604684974304,0.7272727272727273,13,0,True,1.4963860963453541,1
10,4653.116554757,7184.014639784468,-267.1866823144964,0.6097560975609756,19,2,False,1.3845968960067592,0
6,2943.1812846775074,4420.801749568131,22.0,0.7307692307692307,7,4,False,1.3361100474149643,0
8,5719.798603035184,7641.573313922193,-357.14419362561574,0.6923076923076923,6,2,True,1.4790965003252121,1
10,6598.076490457121,9379.839232166853,-924.1181928300624,0.62,13,6,True,1.4161872520459835,0
4,1940.3972480278835,3933.144414970629,67.0,0.5789473684210527,15,2,False,1.380207056779725,0
8,3566.2963844911906,6810.745466085161,10.0,0.5862068965517241,7,1,False,1.0048847732524178,0
0,4190.0,5460.541795279251,999.0,1.0,19,2,False,1.4934666819482916,1
10,6485.844237006806,10527.796194954379,-9.461769876249772,0.7959183673469388,22,1,False,1.1597563947296412,0
6,3847.458779472576,6986.913162848521,22.0,0.6764705882352942,6,5,False,1.453676566259897,0
4,2690.437378889237,6399.972171778491,-154.92080346711882,0.8787878787878788,14,2,False,1.0671191442698986,0
4,5892.5060532299985,8358.440827401371,-22.553742355404978,0.5116279069767442,12,4,False,1.0176078312924082,0
0,2867.0,5810.181491611506,999.0,1.0,18,0,False,1.2571623198619064,0
2,4282.628649038188,7550.7684753801395,103.73356631744096,0.9230769230769231,13,0,False,1.0821711429432201,0
0,6276.0,7646.272025902393,999.0,1.0,19,3,False,1.3090161012474824,1
8,8743.649876642035,11604.43064145778,12.0,0.6666666666666666,12,0,False,1.103791809496074,0
6,3276.334836771398,5221.428417671142,10.0,0.7931034482758621,15,1,False,1.1141519926928163,0
0,6878.0,9026.50096535419,999.0,1.0,14,2,False,1.2718405670146244,0
5,9139.856771068342,9446.350293216788,22.0,0.3333333333333333,17,4,False,1.3327235708043423,1
8,5699.286753064188,6903.775600718785,-140.71888908224258,0.6410256410256411,15,3,False,1.1824396797501395,0
0,1057.0,2524.05603816662,999.0,1.0,17,1,False,1.1562648819436974,0
8,4578.752808878437,7954.4674843499115,22.0,0.7666666666666667,18,2,False,1.4783121285376115,0
2,5153.628649038188,8360.184424848623,21.871441437656586,0.9428571428571428,11,3,True,1.1147776425825326,0
4,3460.4323521059973,5573.683414035216,22.0,0.8181818181818182,18,0,False,1.4687212792191335,0
4,4589.520247110073,5837.959792243276,57.62516438932544,0.8636363636363636,20,6,False,1.1626534260015644,0
2,6550.327254015479,7956.112935528335,23.681017179776383,0.9444444444444444,9,5,False,1.4240024365029582,1
8,8620.80144894573,10998.493454059708,-17.262991479143757,0.8545454545454545,6,6,False,1.4391851452329205,1
0,1856.0,2874.768222222762,999.0,1.0,8,4,False,1.1129574741518429,0
4,3294.7621049798427,3550.687314552155,25.0,0.8333333333333334,18,5,False,1.1008349119382417,1
4,14517.859913103917,16611.260076194234,0.23218899876755264,0.7804878048780488,14,0,False,1.0397186786845514,0
10,7217.763350292531,9263.834427825372,-306.71301019948766,0.7272727272727273,22,3,True,1.4896662535349259,1
8,8013.725180363534,9429.01889578268,-320.98116096462707,0.5333333333333333,10,1,True,1.2607301075771118,1
0,2398.0,3434.3406028545332,999.0,1.0,14,3,False,1.1579566516921087,0
8,6240.433876546244,10047.797013588055,12.0,0.7959183673469388,14,0,False,1.4692117012311223,0
4,2172.5768413623236,3087.8204297183524,-51.50324458174853,0.5185185185185185,10,0,False,1.4173338753733173,0
8,6059.108463035467,8207.99520655113,12.0,0.84,11,3,False,1.2394962786817896,0
0,10406.0,19331.75914084861,999.0,1.0,18,2,False,1.2606280949524196,0
4,6064.033027779507,7667.86806594621,4.646236835703172,0.7567567567567568,18,0,False,1.2186626792016328,0
10,8265.824849687773,11976.616755540801,-874.1659072661229,0.6666666666666666,9,6,True,1.4414494374519338,0
10,4324.475378137646,4446.599090627796,10.0,0.5666666666666667,18,2,False,1.2697461389656541,1
2,5908.621664996181,8364.728211492838,64.89508272074761,0.9090909090909091,18,1,False,1.176003129052111,0
2,4145.276934393203,5579.473099988396,68.63808056074974,0.8666666666666667,10,2,False,1.4082212331366752,1
0,1971.0,3269.9414201493323,999.0,1.0,14,3,False,1.060431576496388,0
10,11808.909228792716,13429.471574097568,0.23218899876755264,0.6923076923076923,22,1,False,1.0298127589143862,0
6,6535.244106660144,8508.090392012882,-35.3994803728049,0.6122448979591837,20,2,False,1.0495650244285504,0
0,8734.0,10378.69736455312,999.0,1.0,17,0,False,1.0582064739452663,0
4,5941.928167643166,11626.816237788791,64.89508272074761,0.8571428571428571,11,1,False,1.0695702427558051,0
1,2051.5259540954353,3070.534447722336,137.47721555514423,0.8,9,3,False,1.3258379323220453,0
2,5270.460148592873,10721.71626484078,103.73356631744096,0.9607843137254902,6,3,False,1.1142836399335077,0
6,6676.383386185813,8371.22293732371,22.0,0.8285714285714286,7,0,False,1.1166312556514972,0
10,6007.319331779743,6471.366883452829,11.0,0.6153846153846154,15,0,False,1.3931031957233508,1
6,3241.0935733477563,3580.5210321782183,11.0,0.7,8,2,False,1.1615441020062602,1
8,2888.114872230825,4008.4053261359377,22.0,0.6666666666666666,16,6,False,1.1117788220346267,0
4,2062.1707165556654,2407.3005279917443,125.37207253790066,0.6,13,5,False,1.2989366840850918,1
0,3621.0,6244.374183109669,999.0,1.0,21,3,False,1.4249422981911337,0
6,4871.288648960487,6826.012734248423,-350.4674317749182,0.6923076923076923,17,5,True,1.2602023898065275,0
4,7867.446568958572,11648.688381113574,25.0,0.9454545454545454,9,1,False,1.4306846341373478,0
7,2548.495047020697,3175.7685029186932,-229.94553888043504,0.7083333333333334,10,4,False,1.3753983613631102,1
0,2415.0,3908.1747785790303,999.0,1.0,15,0,False,1.242035677046871,0
0,5119.0,8497.586803914786,999.0,1.0,22,0,False,1.0172830822920118,0
2,6866.327254015479,10664.31194431624,-391.7806513526202,0.9512195121951219,21,1,True,1.446858453144239,0
8,8498.38195742162,13322.089046467221,-598.8913111720033,0.6833333333333333,13,1,True,1.3531449773041286,0
4,3446.318499497351,4060.04997541535,-239.2902065832063,0.6785714285714286,10,4,False,1.3200595274492561,1
8,6706.47712150423,10478.068382418753,-23.01249324286681,0.7407407407407407,11,4,False,1.3306331162787157,0
4,4828.941222296264,6921.496576167301,-186.85216259202784,0.875,14,5,False,1.408145641483116,0
8,2506.4941200791422,4355.1389839836,-40.70251396327001,0.6818181818181818,13,4,False,1.0900897779423233,0
6,6969.985884716345,9483.00781343129,22.0,0.5151515151515151,6,6,False,1.4776428546988614,1
0,6894.0,7808.414887871643,999.0,1.0,7,5,False,1.0922683434768932,0
6,4619.5057519472475,7872.937194375436,-333.5706509857182,0.8717948717948718,17,6,True,1.422817316585649,0
2,1773.4485887715023,3941.0836674183406,74.0,0.9375,14,0,False,1.404911675077409,0
0,8670.0,12839.204976115458,999.0,1.0,16,5,False,1.4616004681757446,0
3,1768.9883494349615,2032.6306102226813,82.65296251039992,0.36363636363636365,17,4,False,1.124111187041609,0
0,964.0,3237.435864662075,999.0,1.0,22,3,False,1.4689339684662828,0
0,3876.0,6986.058176952374,999.0,1.0,22,3,False,1.310697770486331,0
6,2690.3592850561804,3704.878468812943,-275.61672339973865,0.75,6,4,True,1.447388225531236,1
10,7093.404888410554,9259.048719036693,10.0,0.8043478260869565,18,6,False,1.407480942208112,1
0,5004.0,8262.073824843508,999.0,1.0,14,2,False,1.4957021314990182,0
0,4244.0,6017.539903152599,999.0,1.0,17,5,False,1.1017119677321332,0
3,3670.9628076784734,5629.1949268754925,125.37207253790066,0.43333333333333335,7,4,False,1.262974696323921,0
2,5461.803703067809,12829.197646997534,68.63808056074974,0.9523809523809523,17,3,False,1.1648617301594135,0
0,5517.0,10289.706642907684,999.0,1.0,17,4,False,1.1373722513195101,0
0,5073.0,7613.5335013041395,999.0,1.0,17,4,False,1.170168868523401,0
0,728.0,763.1738938808853,999.0,1.0,14,3,False,1.0323280102943044,0
4,7227.48581786132,11216.052471152148,64.89508272074761,0.8888888888888888,13,3,False,1.1928594360575235,0
6,6566.5057519472475,10982.65243730129,12.0,0.8936170212765957,15,2,False,1.2767823357191175,0
4,5559.324431812369,10021.245841692875,-19.936049918200297,0.9166666666666666,15,5,False,1.3061039007764466,0
4,2252.2703384532333,3996.0195583415793,10.0,0.8095238095238095,22,0,False,1.3779978279929916,0
4,2213.9412222962637,3674.725914303983,-274.8382814504169,0.7894736842105263,11,3,True,1.2123571381711924,0
8,3213.1907019429996,4734.057305018311,-308.7391090000878,0.5588235294117647,13,3,True,1.0564348525987588,0
0,2548.0,3826.193626184312,999.0,1.0,14,4,False,1.2478098312124841,0
0,2251.0,3664.650212039608,999.0,1.0,9,6,False,1.0904437239596732,0
5,3946.122528227045,4646.092963077153,-397.63204888631424,0.6842105263157895,22,2,True,1.4215217595702387,1
4,3529.5657484731987,4887.233951943233,64.89508272074761,0.68,8,4,True,1.257980142631973,0
0,8283.0,11414.160229240995,999.0,1.0,15,6,False,1.4305735901031926,1
4,5335.062859681094,7438.585490119472,82.0,0.8936170212765957,18,6,False,1.3774946111809103,0
0,5731.0,8429.042126757187,999.0,1.0,7,2,False,1.1585190934120402,0
4,937.0974853391468,1812.794196746277,3.0,0.6842105263157895,12,2,False,1.2099766908574936,0
8,2415.677700533465,3509.329573032509,12.0,0.56,21,4,False,1.349054794927443,0
6,4999.171442027997,6434.893100846485,-176.42788682677124,0.5789473684210527,15,0,False,1.3121007033199854,1
0,7501.0,12715.143954719948,999.0,1.0,10,3,False,1.0724660457495228,0
10,5663.807364262095,7488.983504369608,-50.91792579814361,0.6428571428571429,14,2,False,1.3132198494964804,0
8,8145.184133863415,8621.328215390242,-164.80151057547602,0.3333333333333333,12,2,False,1.1492223270677604,1
8,8400.944623435977,10535.509132637335,-406.5741145560703,0.7407407407407407,14,6,True,1.2507520859602386,0
4,3231.0687476612884,4032.745707357524,-225.49864085246014,0.4482758620689655,8,2,True,1.2102166134940762,0
2,1187.5160140897988,1187.5160140897988,84.0,0.36363636363636365,8,4,False,1.2513517673693775,1
4,1614.6237792064069,3144.510094936973,-67.64570982697265,0.6153846153846154,19,4,False,1.230233299809133,0
4,13206.99382643103,15799.739789435363,49.76869632914,0.5681818181818182,7,1,False,1.1854845810345283,0
4,6936.299907908174,8510.684417113855,64.89508272074761,0.8387096774193549,6,6,False,1.2177930272589323,0
0,4267.0,7743.381414692931,999.0,1.0,6,6,False,1.3455078336178157,0
0,2954.0,4901.937170648064,999.0,1.0,11,5,False,1.1846859758739694,0
0,5305.0,7489.5365480614355,999.0,1.0,14,6,False,1.3512947676581724,0
4,3802.8271696379443,5378.13843522536,59.0,0.8571428571428571,9,0,False,1.4305281717391536,1
6,5683.040089977458,7780.253923680219,12.0,0.8372093023255814,20,4,False,1.2361337516895552,0
8,4676.426174246889,7797.846858280101,-35.09323106686134,0.7948717948717948,9,5,False,1.3024323168485104,0
3,3982.395785314834,5709.360329941846,-72.53670703185452,0.8695652173913043,16,5,False,1.2885197801698063,0
0,4021.0,4103.5554680844425,999.0,1.0,13,4,False,1.2457553374998005,1
0,1562.0,2858.6247431289303,999.0,1.0,20,0,False,1.227826845457009,0
4,12912.675468952748,13669.28764770327,-144.47757000390268,0.7647058823529411,9,3,False,1.2235173047210033,1
4,4887.116093081466,9164.41351887759,68.63808056074974,0.8055555555555556,6,3,False,1.456300445317308,0
0,1196.0,2563.09618050726,999.0,1.0,9,0,False,1.2485007376459858,0
8,2755.7773931930383,3183.7631306683115,1.115782970352079,0.6666666666666666,9,5,False,1.377057133192534,1
4,4331.005135434447,5964.003981994595,-81.63995257637572,0.6060606060606061,19,4,False,1.3776889302767363,1
0,3016.0,5357.663589933814,999.0,1.0,13,6,False,1.0401520989306314,0
10,10253.404888410554,12825.018564437192,-321.28445671159574,0.8421052631578947,15,4,True,1.0283709185358636,0
0,3759.0,5226.029646967375,999.0,1.0,22,3,False,1.2715945783374474,0
4,4885.92742453863,7074.01540471719,-71.43801969415499,0.7727272727272727,8,5,False,1.032054053019948,0
8,4536.29845797442,6488.000068349391,-260.9549056464915,0.47058823529411764,6,1,True,1.0452496260973971,0
0,9608.0,14725.78591050042,999.0,1.0,16,0,False,1.2284070673274232,0
0,4834.0,7052.002149110338,999.0,1.0,20,2,False,1.3106919927510228,0
6,5533.113600988814,7697.024367099192,-456.3258287543247,0.76,7,3,True,1.325020611357855,0
4,4025.4465689585722,4554.230657303156,-316.78963487846517,0.8333333333333334,17,6,True,1.087203748079449,0
0,9068.0,12010.326286953636,999.0,1.0,21,6,False,1.444143134622242,1
0,6151.0,12602.064779049055,999.0,1.0,19,3,False,1.4428393304089746,0
0,4136.0,8875.847038384294,999.0,1.0,6,1,False,1.204384480473115,0
0,6300.0,8856.720251664372,999.0,1.0,8,4,False,1.0782410096827637,0
0,9264.0,14630.378693873023,999.0,1.0,21,2,False,1.3851103939637484,0
4,4918.7470740346025,7551.808946759506,-348.8570984651493,0.8571428571428571,13,5,True,1.1820533272367322,0
0,6351.0,9049.010659381462,999.0,1.0,8,6,False,1.3956766733610464,0
8,3217.7413433188926,4314.76549996553,11.0,0.5789473684210527,15,1,False,1.372572225074758,1
0,7294.0,13818.275051301498,999.0,1.0,14,4,False,1.3425147585570547,0
2,3193.5907351405726,4295.701433318118,137.0,0.5925925925925926,12,4,False,1.1041943340995037,0
10,11530.680273051363,13744.366409010154,11.0,0.7674418604651163,22,3,False,1.3700633265969135,1
0,3676.0,5769.242300874696,999.0,1.0,9,0,False,1.4807049687136553,0
0,4610.0,6657.67512671915,999.0,1.0,13,2,False,1.4165443359562528,0
0,2299.0,4228.608146169841,999.0,1.0,15,6,False,1.4902928070227714,0
4,10399.37100760841,11864.092916549736,23.6258241592369,0.4,7,2,False,1.1798007921611202,1
8,5989.216453879312,8498.833144495922,10.0,0.7428571428571429,17,5,False,1.2587505377428063,0
4,6935.116093081466,9942.015981973671,68.63808056074974,0.8627450980392157,19,4,False,1.0113610509137936,0
7,4288.145158499223,5415.531287816682,11.0,0.4857142857142857,10,5,False,1.0715545661112604,0
0,6978.0,10653.844105419083,999.0,1.0,9,1,False,1.3164799281347668,0
2,1267.276934393203,2569.361813605285,-289.85556066053084,0.8571428571428571,8,2,True,1.2920024407162478,0
0,3318.0,6434.368681834878,999.0,1.0,9,2,False,1.1112119978706885,0
2,2085.6286490381885,5525.534639750207,103.73356631744096,0.9285714285714286,16,6,False,1.1408856693768876,0
8,17704.781871727322,19811.772876893443,-12.558366194893054,0.6097560975609756,13,1,False,1.1138548170351292,0
0,3595.0,4757.406154099771,999.0,1.0,19,6,False,1.15414770254516,0
3,2323.995560327999,3367.804014410153,137.0,0.6190476190476191,18,6,False,1.2312846574573522,0
4,4255.450320164502,4949.297550356757,4.646236835703172,0.5172413793103449,21,0,False,1.0794215866078258,0
4,3416.547321799724,3855.145152664738,112.17524926182361,0.88,18,2,False,1.1594149749446965,1
2,4582.62166499618,7177.177337571238,64.89508272074761,0.9130434782608695,8,0,False,1.3423795387426762,0
6,11630.431008077532,12414.395123726743,22.0,0.55,18,6,False,1.180122180568069,1
6,3116.3099166122824,4943.864930324585,-162.70790494016268,0.7407407407407407,9,2,False,1.0514039407566753,0
6,10458.998524171066,12304.143754816183,-99.38549475543431,0.4827586206896552,7,6,True,1.3710837057249796,1
0,6943.0,9276.733450443428,999.0,1.0,19,0,False,1.4298286732433885,1
6,2483.2988373940975,3570.866362092158,39.91523358996693,0.6842105263157895,22,2,False,1.4704549725123441,1
8,6211.051693157317,10166.603214448493,10.0,0.8292682926829268,12,0,False,1.1326972940246867,0
0,1696.0,2308.633913445795,999.0,1.0,6,6,False,1.0878404791851453,0
4,3708.715874671272,8392.109906953667,102.0,0.9347826086956522,12,4,False,1.1302867682810167,0
0,6442.0,8626.520095899927,999.0,1.0,12,2,False,1.00117384299185,0
0,5628.0,7714.03724514958,999.0,1.0,13,5,False,1.33327653975544,0
4,8399.677933770892,9268.763088542159,155.0,0.7,20,4,False,1.0280061972751928,0
2,385.8028641502815,385.8028641502815,77.0,0.5,9,0,False,1.1859789964401832,1
10,10387.187785423794,16100.068580417677,-177.2619713762418,0.7333333333333333,7,2,False,1.2823304502670863,0
0,3487.0,4427.186676024272,999.0,1.0,21,0,False,1.2487644271008316,0
0,5422.0,9247.100343773038,999.0,1.0,22,2,False,1.313797773942891,0
6,9903.505751947247,16928.407292984193,-188.33817891699098,0.9324324324324325,9,3,False,1.2396165194654132,0
0,7235.0,9333.786267428917,999.0,1.0,6,2,False,1.2824679870620628,0
0,2292.0,4756.9267058355745,999.0,1.0,18,2,False,1.158306417815721,0
5,1353.5318430178547,1990.5644890845158,12.0,0.6153846153846154,17,2,False,1.2874290523167018,0
1,1534.196520098241,1534.196520098241,304.19652009824114,0.0,6,2,False,1.0371281395733978,1
0,4128.0,7704.396819152,999.0,1.0,10,1,False,1.0192626599523875,0
4,6617.3730952414635,9013.720447628519,-420.72544926975957,0.6060606060606061,11,4,True,1.0145602934103146,0
0,1298.0,1900.8332621222187,999.0,1.0,11,6,False,1.4279224401424944,0
2,3013.6286490381885,7310.879183944461,103.73356631744096,0.9259259259259259,9,2,False,1.0944109647478397,0
10,7346.909228792715,8802.559784447732,-496.3352306879658,0.5897435897435898,10,2,True,1.0847216554904888,0
6,4254.957934486102,7435.526543970578,10.0,0.8461538461538461,22,2,False,1.4447966663262626,0
0,5659.0,6502.956684901933,999.0,1.0,8,4,False,1.1755619170923826,1
7,5049.515870304448,6944.119048197135,-916.0705514459339,0.696969696969697,22,3,True,1.066380190052464,0
8,3868.0858672104823,5694.737121957618,12.0,0.5151515151515151,13,1,False,1.3518564910255528,0
4,6280.127894471216,7320.440471097622,22.719155117406657,0.44,15,3,False,1.0752798383881639,0
6,9371.41260710546,13448.707585559583,22.0,0.6545454545454545,13,6,False,1.0025035969256622,0
6,7312.674252392562,9534.925202449422,-126.09422299666929,0.8979591836734694,6,0,False,1.4424028568395266,1
0,2003.0,2387.2196626067616,999.0,1.0,10,2,False,1.0200174964709305,0
4,4771.7105921280045,6661.237654835628,58.98400985257212,0.9245283018867925,12,4,False,1.4550968143898626,1
0,1325.0,1467.0682232994857,999.0,1.0,17,2,False,1.0945462660732113,0
4,3458.4952786045724,6440.917794749232,-15.890268286287391,0.7021276595744681,18,3,False,1.379553913292671,0
8,3463.6807590018598,4731.6011209645,-169.91309284389013,0.6956521739130435,11,2,False,1.0873636142350345,0
0,3996.0,4402.649082387138,999.0,1.0,8,1,False,1.2963006579427812,1
2,3543.8974578821612,5757.447049092465,19.0,0.9333333333333333,22,2,False,1.330942401402668,0
6,10098.223249837767,14435.657191591823,-283.14946085866126,0.8846153846153846,16,1,True,1.2099777809003571,0
6,3624.4095064928147,5111.410075481848,10.0,0.8148148148148148,19,1,False,1.151987934148534,0
2,3236.2552778705426,3236.2552778705426,84.0,0.07142857142857142,22,2,False,1.277285684946932,1
5,1932.9280619111487,1932.9280619111487,22.0,0.25,13,0,False,1.4258449566495215,1
6,2687.752915595428,3787.9531831685827,11.0,0.5882352941176471,12,4,False,1.4419472039498273,1
4,3543.4323521059973,5141.371838134304,-140.567890793146,0.8260869565217391,6,2,False,1.4681101116584956,1
3,2318.0218497660076,3342.6488278525694,-67.3603244600881,0.6923076923076923,19,1,False,1.2771100848337806,0
6,5478.5057519472475,8218.553424002474,4.60296680123988,0.8529411764705882,14,0,False,1.307081383983988,0
0,6068.0,8343.52922583868,999.0,1.0,20,2,False,1.3614561716754274,0
6,8068.412607105459,11115.355545338527,22.0,0.4722222222222222,20,3,False,1.400867197845318,1
0,9000.0,9000.0,999.0,1.0,17,2,False,1.160572790501759,1
0,4910.0,6337.380933830651,999.0,1.0,16,4,False,1.1455576437631416,0
0,6663.0,8718.428867855704,999.0,1.0,14,5,False,1.179318903092729,0
2,858.7265822754325,2926.7818550370985,10.0,0.84,12,1,False,1.405306838393043,0
2,818.4485887715023,818.4485887715023,74.0,0.75,22,0,False,1.2519597046973523,1
0,5735.0,8926.185837094432,999.0,1.0,19,0,False,1.3732994698936376,0
10,10049.143243123452,11198.811766844212,10.0,0.5660377358490566,15,4,False,1.3589620061307877,1
8,16046.249045846218,23522.791632041466,11.0,0.8545454545454545,13,6,False,1.088628272162326,0
6,5394.674252392562,7221.664641279359,12.0,0.8387096774193549,6,0,False,1.3176283304687995,0
4,919.3651490616586,1762.6641551635705,-208.26261593737235,0.46153846153846156,20,0,True,1.307262005366252,0
6,7535.985884716345,8845.1627101962,-199.00962917288865,0.6363636363636364,18,3,True,1.4266024010143885,1
0,5278.0,6610.169888799566,999.0,1.0,7,4,False,1.0961987669405768,0
0,1410.0,2930.6548070733315,999.0,1.0,15,3,False,1.412505746170768,0
0,6663.0,9618.286876387672,999.0,1.0,20,1,False,1.4414754539998096,0
8,5725.16298812399,7071.9614412626925,10.0,0.7575757575757576,10,5,False,1.02534916149661,0
0,4852.0,8305.01950612796,999.0,1.0,19,3,False,1.048874110882884,0
8,5107.801448945729,5901.675003076546,10.0,0.7241379310344828,8,3,False,1.1792195232185398,1
6,4141.172933576454,5685.311879504613,10.614973470583557,0.7272727272727273,12,5,False,1.46953396277311,1
3,7086.2014998963805,10194.846648104123,64.89508272074761,0.8823529411764706,7,0,False,1.2953398422170526,0
0,8476.0,12462.132645653413,999.0,1.0,17,2,False,1.3538930417782251,0
4,9362.225419320217,13097.18797689098,3.0,0.7678571428571429,11,4,False,1.1798936234024475,0
10,8189.661485761909,12058.105075467713,-136.73205091063517,0.8297872340425532,13,5,False,1.2493281556100948,0
0,7922.0,13110.267691416275,999.0,1.0,20,3,False,1.0464945048116203,0
9,6643.02391524901,8915.73098271164,-274.3209851285357,0.7906976744186046,10,3,True,1.2221632510781466,0
4,3374.2617947134827,6287.94217414158,26.17548421490005,0.75,9,6,False,1.2523311235129484,0
6,3852.0197027884315,5799.023479875003,-151.8192105655114,0.5428571428571428,10,0,False,1.0342223735514549,0
2,4298.62166499618,6284.122588823604,10.0,0.9393939393939394,11,5,False,1.1412003393222667,0
6,3157.925072902441,5315.837794277917,11.0,0.8421052631578947,22,6,False,1.4170611895082341,0
6,3837.334500926885,5399.165163038102,22.0,0.7741935483870968,9,1,False,1.114729497862492,0
6,8780.505751947247,14092.249999511889,12.0,0.9342105263157895,8,1,False,1.3396416345322357,0
8,5455.535536967807,7052.938521588701,4.646236835703172,0.3783783783783784,6,5,False,1.444180063874184,1
4,1032.1583592817906,1096.6497375180227,44.0,0.14285714285714285,15,3,False,1.0353387148786397,0
0,11711.0,19331.21552213061,999.0,1.0,10,4,False,1.2109569373751758,0
10,6383.136582398058,9211.18768530402,-397.39311634566803,0.68,20,2,True,1.0905582016225357,0
2,6360.628649038188,9203.797641907939,103.73356631744096,0.9545454545454546,16,6,False,1.3264224571434322,0
6,7313.947746778715,11763.050408642921,-109.61920099540768,0.6097560975609756,16,2,False,1.083698438843952,0
7,5689.472623778797,6294.443366835539,11.0,0.2,16,2,False,1.382898470554617,1
6,3123.359285056181,3505.3114234590953,10.0,0.7777777777777778,14,0,False,1.0692467875368707,0
4,20405.095090605428,23117.042689412126,89.40873935380868,0.8947368421052632,22,0,False,1.1248250686218006,0
4,5627.2222682384845,7223.010321034902,49.76869632914,0.5531914893617021,18,2,False,1.3524449195960258,1
6,3664.8131468507386,7277.93729642469,-183.37947658775067,0.5555555555555556,17,0,True,1.2643094002987514,0
6,1822.1812882053832,2795.266173367059,22.0,0.8064516129032258,7,3,False,1.282120346025275,0
3,4477.104091847667,5670.246416543005,87.84590727370347,0.8181818181818182,8,3,False,1.379516863541188,1
6,4910.5057519472475,7503.642687898266,44.0,0.8571428571428571,18,6,False,1.497223924417899,0
8,4112.9238528001915,4806.493192350221,22.0,0.3125,6,5,False,1.0239184443778901,0
8,5338.22744653417,8566.763373521999,-508.83267994238315,0.6923076923076923,10,3,True,1.4028636544857007,0
0,2150.0,3320.318288402462,999.0,1.0,12,0,False,1.1728009852273793,0
4,7717.062859681094,12090.732249574781,82.0,0.9193548387096774,10,6,False,1.3973920350840148,0
0,3511.0,6533.976848729062,999.0,1.0,11,4,False,1.0373326504857476,0
4,7554.033027779507,9027.036695804454,4.646236835703172,0.775,6,4,False,1.3962789592407507,1
10,9091.116554756998,11162.85315915342,-192.6334831597107,0.6981132075471698,13,3,False,1.2191209905704126,0
0,4346.0,7636.869470835841,999.0,1.0,15,5,False,1.4640328562184841,0
8,5542.298457974419,7198.288743234756,-462.508688275571,0.5384615384615384,15,5,True,1.1770026444970543,0
8,3876.4547210173027,4714.776934273794,-6.376634164117565,0.375,13,0,False,1.4953425115060068,1
4,3132.169415929355,6967.725494094497,-452.18020961080504,0.8695652173913043,7,0,True,1.270859707698144,0
8,8807.558666350486,13476.016703649855,11.0,0.8596491228070176,16,3,False,1.360919803924699,0
4,7372.663779049888,9329.626355667668,49.76869632914,0.6956521739130435,20,6,False,1.3084844152065287,1
4,3464.296944270901,4902.9997023637825,68.63808056074974,0.6666666666666666,20,3,False,1.2815758517982534,0
10,9349.99070389787,12924.882466555326,-326.54393268241523,0.8301886792452831,7,2,True,1.3281876740352558,0
0,5285.0,8964.237387708814,999.0,1.0,8,4,False,1.392067854799498,0
7,3830.8328134935828,4580.784554006308,-59.8840072113251,0.7741935483870968,6,0,False,1.2469612379163206,1
1,3840.3320901254674,6233.887826966205,170.0,0.9523809523809523,16,4,False,1.4173980080205757,0
2,7985.62166499618,13659.93692997509,64.89508272074761,0.9622641509433962,19,3,False,1.0458431237106534,0
6,6140.456435016135,10586.533900230943,-526.5554656579869,0.6944444444444444,22,6,True,1.2120647064288055,0
0,6094.0,10609.613134471272,999.0,1.0,12,3,False,1.0940928062276631,0
0,6689.0,9824.86794018719,999.0,1.0,8,2,False,1.137733130574226,0
2,5999.327254015479,9369.359044289857,23.681017179776383,0.9473684210526315,13,5,False,1.342514046271801,0
0,7623.0,10144.003426942698,999.0,1.0,16,0,False,1.2330635886770611,0
10,8805.143243123452,10173.00210502758,-281.9849289147791,0.5576923076923077,10,4,True,1.1735542742694367,1
7,6180.700961341531,8614.423837765306,4.646236835703172,0.7073170731707317,12,3,False,1.4923941383705301,1
10,8432.844237006806,10330.664378358206,10.0,0.8076923076923077,17,1,False,1.1926859407078734,0
8,6459.764662257009,8356.277046426083,-268.89076846113875,0.475,10,0,False,1.1840850906611498,0
3,3988.370981037317,5213.250368365792,49.76869632914,0.5625,22,1,False,1.479322405389013,1
0,3809.0,4509.708090903764,999.0,1.0,14,0,False,1.0105480868045316,0
8,5340.096956110927,8124.072766583487,-617.7536462828464,0.7941176470588235,20,5,True,1.424882285271353,0
6,4202.8328203681485,4971.582542690802,-287.31035678705234,0.8148148148148148,15,2,True,1.3189532214704591,1
4,3730.3972480278835,5688.052483503398,-366.31818776662044,0.7777777777777778,19,2,True,1.4587402005137589,0
2,6399.879933111504,8702.37748680115,3.0,0.9230769230769231,10,1,False,1.4141494612443042,1
6,8249.813146850738,12859.931076414347,0.23218899876755264,0.7692307692307693,20,0,False,1.4289435008712787,0
8,4910.183606178046,6533.7466266649635,-363.4417256995123,0.6071428571428571,10,2,True,1.1359733293035075,0
10,4867.844827419805,5389.912587420502,-448.9147094063727,0.59375,13,5,True,1.2000610950200854,1
8,3110.587516265009,3751.3155520143832,-39.84462609605268,0.5384615384615384,10,6,False,1.039483648052348,0
8,12929.766798560999,14720.158134535273,-251.408027117163,0.6285714285714286,19,3,False,1.3438631592057606,1
4,1343.438877151914,1747.4359551725997,-223.12772439240854,0.26666666666666666,17,1,True,1.2024756157596823,0
4,2988.588400807163,5396.384465817419,-383.20208764801447,0.6538461538461539,16,5,True,1.0020650870930197,0
2,3401.395578025631,5892.91256093787,-58.34319877364982,0.9285714285714286,15,0,False,1.0142590243303475,0
0,9259.0,10798.82370742367,999.0,1.0,15,2,False,1.260775999102444,1
10,8346.773554412077,10344.463578496338,-205.08604175937404,0.7959183673469388,8,6,False,1.4524890892089335,1
4,3684.222268238484,5388.163505379993,49.76869632914,0.4166666666666667,10,5,False,1.454307785279157,0
4,4347.111573205757,6890.362062552099,77.63356068504112,0.7941176470588235,15,1,False,1.252415701058606,0
0,5405.0,9080.835637501235,999.0,1.0,10,4,False,1.3030338464203557,0
1,3403.76869632914,7051.045513201212,49.76869632914,0.9705882352941176,10,4,False,1.28795555272627,0
8,10796.453768497551,11455.064533875267,11.0,0.5416666666666666,12,4,False,1.2000483693332653,1
4,5438.739248460595,10658.172279854356,-1070.593489608073,0.8604651162790697,19,5,True,1.4149519046720878,0
0,3314.0,5305.903314863838,999.0,1.0,16,3,False,1.4710811199570293,0
3,4639.559795131798,5789.071861652643,-199.6323272863413,0.21875,18,5,False,1.047883314065177,0
6,6189.651630447433,10185.455903812246,0.23218899876755264,0.76,22,4,False,1.0481666519291246,0
4,2423.4465689585722,3014.819005167793,-43.15528103805063,0.8125,11,6,False,1.4362941369539959,1
6,5648.729565678343,7919.882936446169,39.91523358996693,0.7307692307692307,20,6,False,1.0279217665933764,0
0,5797.0,9351.381841157357,999.0,1.0,8,4,False,1.086788668676083,0
0,9333.0,15097.440299867623,999.0,1.0,20,6,False,1.1283667693998543,0
4,5220.999687906953,6416.617276390252,59.104605186205575,0.6,16,5,False,1.0338149108749033,0
4,5614.801515250256,7203.601124037329,88.0,0.5,10,3,False,1.499120768732507,1
4,1521.1368654573853,2943.6976046865034,3.0,0.625,10,0,False,1.0891560410938248,0
10,9806.143243123452,12736.33381417466,-24.450998755814553,0.5964912280701754,12,1,False,1.145690491752522,0
0,5093.0,7918.704735925549,999.0,1.0,14,1,False,1.3747751176943468,0
0,4888.0,6035.516480188513,999.0,1.0,21,6,False,1.2674182236817961,1
2,17907.04759318626,18559.538874834492,89.40873935380868,0.8461538461538461,6,3,False,1.181728433799443,1
0,8355.0,13116.742255867926,999.0,1.0,9,1,False,1.179989888654526,0
2,2307.826012638464,2848.936776716676,231.67632784118155,0.8571428571428571,9,2,False,1.232110900989477,0
0,3458.0,4705.822649511419,999.0,1.0,9,0,False,1.0933121384042255,0
8,2984.1180677321595,3290.3185125233376,12.0,0.7083333333333334,19,1,False,1.4869721915287668,1
6,6206.717746938158,7214.126685909059,11.0,0.7692307692307693,10,5,False,1.2116485295374255,1
3,7038.129890292013,11401.338007980137,84.0,0.9142857142857143,15,3,False,1.1016542018144437,0
0,3108.0,5702.242448461611,999.0,1.0,10,4,False,1.1710343396911325,0
10,6522.187785423794,8331.329160897943,-279.4019889050431,0.5918367346938775,20,1,False,1.3764244332154636,1
4,4788.417083616039,6507.310136430966,44.0,0.6551724137931034,21,4,False,1.1466589087393917,0
6,9379.87677728301,10760.82063573366,-290.4562459099325,0.6666666666666666,19,5,True,1.1629878234089375,1
8,5127.020960692557,7615.70035520489,10.0,0.6666666666666666,13,1,False,1.272394317296251,0
8,6041.283120101207,8616.72265754712,10.0,0.6909090909090909,16,0,False,1.459399145616722,1
0,2643.0,3881.082675298851,999.0,1.0,12,3,False,1.0909374500677897,0
10,9428.526657744027,14151.057206253472,-708.8506467203533,0.8181818181818182,17,3,True,1.360350334584899,0
4,11270.12911607219,11270.12911607219,113.67715521930268,0.4444444444444444,6,2,False,1.393285930796047,1
4,6662.520247110073,8904.996373037828,57.62516438932544,0.90625,20,1,False,1.2160211012057922,0
1,3380.409969073454,3982.0053710063758,654.0,0.8571428571428571,15,2,False,1.3348930889213282,1
10,6168.970676256815,9047.577176768877,-82.38677242937993,0.7954545454545454,20,0,False,1.1769009593459718,0
0,6657.0,9281.151646420049,999.0,1.0,7,3,False,1.4908581667384193,1
10,3283.7874536589525,3283.7874536589525,10.0,0.3888888888888889,12,6,False,1.137308078284834,1
4,3238.157632380015,6253.233434060232,-249.96958658373427,0.6578947368421053,14,6,False,1.4219083101652883,0
4,6683.559795131799,7458.555145227546,4.646236835703172,0.4791666666666667,8,6,False,1.150803180973393,1
0,5074.0,6191.986090673227,999.0,1.0,6,2,False,1.005994042924353,0
4,6325.285639649672,9698.273668251617,11.0,0.9215686274509803,19,0,False,1.1653214067804039,0
6,3332.784382852851,4738.446750301577,-563.6293043306208,0.75,22,0,True,1.0048818692433816,0
8,2896.477710052594,4330.5279259738,-346.5258335962951,0.6521739130434783,20,1,True,1.0691699070769904,0
10,11997.512089863383,15895.430823695337,11.0,0.8163265306122449,10,3,False,1.2760964773325,0
4,6397.306552687895,9129.121614515252,87.84590727370347,0.918918918918919,12,2,False,1.4480954426166475,1
4,3458.7910842303336,4343.524512854618,23.681017179776383,0.6774193548387096,10,0,False,1.4455366579695836,1
4,3131.8500850586165,4946.187073895071,-107.28715622874807,0.8636363636363636,12,6,False,1.4394302918980209,0
0,6872.0,7910.5255422880155,999.0,1.0,7,4,False,1.2136946239070896,1
0,2711.0,4057.6204072068776,999.0,1.0,12,4,False,1.2845106886581905,0
6,11358.047165553815,11912.636226357907,12.0,0.8214285714285714,17,1,False,1.1758250882863281,1
8,3633.4771215042306,5337.647121943398,-499.38419412538553,0.6,18,3,True,1.3167428427362817,0
2,16640.22339176374,19923.05425456573,125.49680948830591,0.96,19,5,False,1.440115093306429,1
8,4113.42009535925,5567.486384130986,-36.213746896755424,0.4411764705882353,16,2,False,1.3947792197574023,1
8,10677.143194231881,13646.440715342738,-156.1690375746588,0.5526315789473685,8,3,False,1.0518700857859302,0
0,5247.0,7316.713114668572,999.0,1.0,22,0,False,1.1595173754621915,0
8,4389.686760459131,6563.028719059627,-405.20837955579236,0.42857142857142855,22,0,True,1.111097448082681,0
0,5424.0,7644.965768985776,999.0,1.0,17,6,False,1.3153485646936685,0
0,3631.0,4468.883660504772,999.0,1.0,19,4,False,1.4057761103110786,1
4,3810.736155807288,5618.728500869532,55.36017572347747,0.7083333333333334,9,0,False,1.4840123179425655,1
8,14891.552571861806,16834.283890777475,22.0,0.8372093023255814,21,2,False,1.3811952277047295,1
0,3338.0,3794.320553710763,999.0,1.0,22,6,False,1.402534241598478,1
6,5390.172381173538,9068.761943164016,12.0,0.7674418604651163,7,1,False,1.337794994001742,0
0,5194.0,7032.08631301255,999.0,1.0,19,1,False,1.2704648233879674,0
0,1237.0,3313.5947602158094,999.0,1.0,22,4,False,1.270037702769981,0
6,8657.744742119654,12339.706900346333,22.0,0.8269230769230769,22,1,False,1.4572267876464904,1
0,8942.0,11897.349852348156,999.0,1.0,7,0,False,1.411304657774453,1
0,3024.0,4034.3152707468344,999.0,1.0,9,4,False,1.3232486499247698,0
0,7414.0,12877.256482825469,999.0,1.0,16,4,False,1.3927137203533055,0
2,7009.621664996181,12367.360292244864,64.89508272074761,0.9534883720930233,6,2,False,1.3939999298867476,0
0,1820.0,2935.781980367629,999.0,1.0,19,6,False,1.014094482282962,0
0,5359.0,11421.050675768152,999.0,1.0,8,4,False,1.0814126144999485,0
2,5872.628649038188,8958.550915595299,103.73356631744096,0.9310344827586207,14,3,False,1.0354905498541456,0
0,5427.0,8176.000698109361,999.0,1.0,14,3,False,1.184206897363672,0
0,3882.0,6780.776001782223,999.0,1.0,15,0,False,1.059257775244566,0
0,5470.0,6899.224736787301,999.0,1.0,16,5,False,1.0470173556351938,0
2,4772.460148592873,8514.285940569429,37.66497855327707,0.9661016949152542,6,5,False,1.4777048792007301,0
4,2866.732264418586,4523.860054090647,-40.327158505201226,0.8285714285714286,21,5,False,1.2001785264281066,0
5,4216.294056024521,5780.405905756009,12.0,0.8,10,3,False,1.2712456100824006,0
6,7692.813146850739,9990.59437666051,-280.678274757853,0.6571428571428571,18,1,True,1.0961713540726876,0
0,3412.0,5251.126125587247,999.0,1.0,13,6,False,1.2970967422924011,0
2,5129.327254015479,7221.344280729182,23.681017179776383,0.9354838709677419,10,6,False,1.0787768977625953,0
4,6460.317317416006,10341.769509350206,136.7265822754325,0.8863636363636364,8,5,False,1.4269928710766222,0
6,4324.35928505618,6716.278208649775,-280.5036855941111,0.8461538461538461,11,5,True,1.288407879440316,0
4,2640.9002902839793,4716.615985914334,22.0,0.7894736842105263,19,4,True,1.2008853777751316,0
0,3375.0,5534.435491318846,999.0,1.0,12,1,False,1.0712348260690696,0
2,6618.046819914558,7931.858491851921,68.63808056074974,0.9166666666666666,11,6,False,1.1184427960345258,0
2,12307.510972296426,15195.520790106966,72.5897947414194,0.9534883720930233,14,3,False,1.4971881437283177,1
2,4159.628649038188,5853.866141272091,103.73356631744096,0.9428571428571428,13,3,True,1.1896594876006077,0
6,6434.392736486734,8269.356158445258,10.0,0.6666666666666666,13,0,False,1.4882762558087606,1
0,8611.0,11363.14825749623,999.0,1.0,21,2,False,1.1101460195444248,0
4,1726.9023124824225,2619.9825136984114,-16.780560441261926,0.75,22,5,False,1.2446763954180362,0
0,13474.0,19296.97017126579,999.0,1.0,22,6,False,1.1049370927220468,0
0,6903.0,10334.054895948753,999.0,1.0,7,5,False,1.0549986234277242,0
0,5476.0,6948.37381449879,999.0,1.0,6,3,False,1.4278032044628124,1
1,1636.1306748303048,1717.6706831273013,572.4599917030034,0.6,20,5,False,1.1042401020656487,1
0,2100.0,5629.90064914781,999.0,1.0,16,2,False,1.147953577154262,0
4,5415.229341743332,6434.257760547471,49.76869632914,0.43478260869565216,12,5,False,1.2173822069436515,1
4,8775.99807653757,9831.713221358183,31.77294643567951,0.4,21,2,False,1.0597960522842609,0
9,7797.824849687773,10830.048797025545,-193.36254159524944,0.6274509803921569,17,5,False,1.1589686359849485,0
8,6159.105822862854,7561.783755327812,12.0,0.56,18,3,False,1.4743367659243172,1
10,7313.116554756999,10973.288041211068,-669.959248810297,0.7090909090909091,19,4,True,1.1191560091942443,0
8,4447.0389637308235,6701.891277621304,-592.5950424979005,0.7575757575757576,15,5,True,1.4158460226327554,0
10,7802.116554757,9981.651778787262,-410.69966131789806,0.6521739130434783,8,3,True,1.4469662889899506,1
4,7969.483987834453,12991.289824022877,68.63808056074974,0.851063829787234,6,0,False,1.0421509632343098,0
8,3632.9232716932224,3955.8136837118727,0.23218899876755264,0.5625,15,6,False,1.0744220665848712,0
4,9256.425892575257,10680.640007984113,54.0,0.8,12,6,False,1.2580904312115135,1
2,4511.874882062428,8161.052467913282,158.0,0.9354838709677419,13,2,False,1.395007185616496,0
0,5191.0,7041.1612551475655,999.0,1.0,13,6,False,1.349539193693643,0
0,8692.0,11639.900535464014,999.0,1.0,18,5,False,1.0363071842366394,0
6,9486.886247383472,13253.107876653423,11.0,0.8378378378378378,16,1,False,1.2232390314714436,0
8,7693.586608044273,13674.060393494736,-247.7388510339536,0.8627450980392157,6,1,True,1.106864889057304,0
0,2340.0,3202.783557618663,999.0,1.0,18,0,False,1.1619326983767042,0
4,13202.405520601114,15440.618231264678,25.0,0.84,7,4,False,1.059759744390428,0
6,6387.093573347756,9565.191320076867,11.0,0.8235294117647058,22,3,False,1.3045369095606032,0
2,4889.327254015479,9658.290077913874,-103.96342310039299,0.9428571428571428,8,5,False,1.1860662827021615,0
0,7045.0,11728.197417033036,999.0,1.0,9,5,False,1.3871636988758929,0
3,895.1095464012519,4275.86937465543,82.0,0.782608695652174,18,6,False,1.448495317600176,0
4,9652.023974199681,12940.18939145576,49.76869632914,0.525,18,5,False,1.0124008943650715,0
6,6693.457149405801,9739.695498380855,12.0,0.673469387755102,6,2,False,1.1697959739272275,0
6,4406.429951731211,4857.634512277502,12.0,0.37142857142857144,15,3,False,1.4390268002883162,1
4,5559.576099900524,6547.308779156189,23.681017179776383,0.47368421052631576,6,6,False,1.211575816086285,1
10,4554.364083170974,7308.3746119136,10.0,0.6666666666666666,13,4,False,1.0914352297790701,0
6,7378.5057519472475,10253.540465939037,12.0,0.9,15,3,False,1.2439843211502386,0
6,6930.288648960487,9714.753145674596,4.278266381541746,0.7714285714285715,6,2,False,1.274552869011833,0
4,2499.895137793502,4440.650127244078,49.54375617780053,0.4230769230769231,9,2,False,1.3360662020874572,0
6,3408.784382852851,6217.4889609761,-799.9047049042717,0.8333333333333334,11,2,True,1.3630415830696203,0
3,2125.401641141141,3107.588564301591,31.77294643567951,0.8125,6,3,False,1.1199852657925624,0
0,1094.0,1578.0561286488141,999.0,1.0,18,0,False,1.2747683016020808,0
8,6291.540881958947,11373.646565619605,-144.72570947047444,0.6222222222222222,8,1,True,1.3611888119373257,0
4,4697.097485339147,7094.828840903412,3.0,0.7692307692307693,13,5,False,1.0724100568895722,0
6,2531.2311477248695,4470.378329921486,-166.5135515263914,0.75,6,2,False,1.4671023590962355,0
0,6261.0,9264.117476618407,999.0,1.0,21,6,False,1.266465875010581,0
4,5231.532668450325,8672.821287314626,85.38679094380448,0.6666666666666666,17,2,False,1.3529251649094722,0
4,3493.31670261348,6244.015088902883,-189.03654339594618,0.5428571428571428,17,5,False,1.2409235372134866,0
4,1365.0030926657416,1919.4495225842504,-237.86863251675277,0.55,18,0,True,1.4944585929007255,1
4,2720.6951034887134,3271.1625141176564,64.89508272074761,0.5416666666666666,12,6,False,1.168760989317496,0
0,3041.0,4620.743488170592,999.0,1.0,22,0,False,1.0489445383400766,0
6,10034.617762585392,11731.843106179087,23.681017179776383,0.8214285714285714,12,3,False,1.1595199080178835,0
0,5284.0,8625.684620454518,999.0,1.0,8,3,False,1.4128143436874776,0
0,5123.0,6608.998957064843,999.0,1.0,13,1,False,1.3568764132765179,1
4,6428.510541737856,8414.105884131803,138.0,0.5897435897435898,22,3,False,1.28931074159666,0
2,5145.62166499618,6889.864701992946,64.89508272074761,0.8333333333333334,8,0,True,1.3875152729786104,1
6,8126.172381173538,10577.436000401862,12.0,0.7674418604651163,9,1,False,1.2595945507383781,0
4,5867.266729598939,6753.615397231316,22.0,0.6571428571428571,11,4,False,1.3773169764586923,1
4,3796.249598850724,4702.507540869501,134.0,0.3793103448275862,6,2,False,1.0963513914033935,0
3,536.0982291536232,1018.6978169102717,-216.72642255240729,0.8235294117647058,10,4,False,1.0166712995548544,0
0,2864.0,3864.428628915012,999.0,1.0,21,5,False,1.4990905373441028,1
6,9220.35928505618,14865.910285743577,10.0,0.9,14,4,False,1.2838113535992477,0
4,7967.077963891134,11161.351616455167,98.35138161570114,0.8714285714285714,10,2,False,1.4835306558499137,1
4,6432.587941893979,10469.527823600021,-214.3337490167142,0.7272727272727273,11,2,False,1.1690211536151012,0
2,4094.6216649961802,5879.0581730771055,-184.52748856452286,0.9354838709677419,22,4,False,1.1927449859104653,0
6,7953.886247383472,10601.899038271966,11.0,0.8378378378378378,13,4,False,1.3045689841307038,0
8,5006.0305439261665,7681.838979015775,10.0,0.7804878048780488,19,1,False,1.0850339849344146,0
0,8227.0,10236.618479187382,999.0,1.0,20,4,False,1.327475791533347,1
4,2790.7621049798427,4550.977787317495,25.0,0.84,18,6,False,1.1811331820572522,0
10,6643.716520734337,7270.052864809217,10.0,0.5652173913043478,19,1,False,1.157378983937628,1
6,4100.383386185813,4280.222879399386,22.0,0.7692307692307693,17,3,False,1.0869742354790755,1
8,5460.76900827421,6930.387926907764,22.0,0.6388888888888888,16,0,False,1.3378661275087333,1
4,5407.317317416006,9598.41901696532,136.7265822754325,0.868421052631579,17,2,False,1.4406858334457524,0
0,4711.0,7951.762959738093,999.0,1.0,14,1,False,1.4023107544718743,0
0,2126.0,3242.404754380614,999.0,1.0,12,3,False,1.164972634099005,0
8,6026.947915836796,7952.460958686119,22.0,0.7586206896551724,13,3,False,1.1813202224673087,0
0,7701.0,12881.182867038902,999.0,1.0,11,3,False,1.198743675442132,0
0,6934.0,9900.685337555124,999.0,1.0,21,5,False,1.0403313159341308,0
4,6426.432352105998,9294.76862079668,4.043918668858677,0.8857142857142857,19,5,False,1.4042321282924195,0
10,2990.1365823980573,4798.606093836627,-271.46513852122433,0.5,21,6,False,1.4709938331109416,0
0,6336.0,7438.499186359132,999.0,1.0,22,4,False,1.1262937082657707,0
0,3556.0,5925.016121528033,999.0,1.0,10,2,False,1.1716929235090126,0
0,3628.0,5963.289670506594,999.0,1.0,12,1,False,1.279939142251318,0
4,3200.9999591161036,4980.7483978848395,-87.90735850632177,0.5769230769230769,17,5,False,1.2791152978013576,0
8,3907.768697474431,4289.973275182935,12.0,0.625,19,4,False,1.4120833625092941,1
4,3330.6506753854037,5500.017929499021,-36.02591713723086,0.6206896551724138,19,5,False,1.4312388555101458,0
4,3483.432352105997,4892.503191789988,-505.21745848425155,0.7647058823529411,6,0,True,1.0085705520444486,0
2,2958.6286490381885,6169.142279625177,-73.43719374716875,0.9259259259259259,14,3,True,1.198969297183449,0
0,6060.0,8435.263031021103,999.0,1.0,17,5,False,1.1163345459288458,0
0,8271.0,10704.99000144845,999.0,1.0,13,5,False,1.167082466852253,0
0,4802.0,6939.986651948971,999.0,1.0,14,4,False,1.4495524282760606,1
6,8367.505751947247,14470.988099698485,-77.51485640110737,0.9056603773584906,6,3,False,1.3053138887844453,0
0,7433.0,10896.119488325117,999.0,1.0,16,5,False,1.1782426095894285,0
1,1296.0876813758878,1850.8046924527534,170.0,0.8,15,6,False,1.2923237744553715,0
4,1703.1027386995704,1725.0663900067589,44.0,0.6363636363636364,14,3,False,1.4170620195760542,1
0,4890.0,6786.270554533309,999.0,1.0,9,1,False,1.4192120393140024,1
6,8095.651630447432,12939.02550750173,-199.7116949569274,0.8032786885245902,22,0,False,1.4001862481642586,0
4,3724.7671089896385,5230.090507689032,12.872026268890655,0.6875,11,1,False,1.239147345084341,0
0,3156.0,4498.636296142593,999.0,1.0,16,2,False,1.0001356057314117,0
6,9831.813146850738,15132.22476969014,0.23218899876755264,0.7735849056603774,15,2,False,1.4976395143600119,0
0,3317.0,4822.55817421444,999.0,1.0,10,6,False,1.0320510838229777,0
2,6499.327254015479,9648.097567851917,23.681017179776383,0.9591836734693877,20,2,False,1.0994275996054457,0
4,1789.2773224952416,4467.9797818591505,49.54375617780053,0.7948717948717948,22,2,False,1.2840019702603502,0
4,4703.4525750451885,6590.974357522573,130.3066975386671,0.6,17,0,False,1.1083775990560776,0
4,4979.261468113276,9121.175480005833,81.80082269908391,0.9166666666666666,21,6,False,1.4908704895246707,0
6,5159.172381173539,6898.665965116588,-212.35541023825306,0.7560975609756098,8,3,False,1.1461689598768203,0
4,1256.5785735892869,1821.606449958549,10.0,0.8666666666666667,8,4,False,1.4946107573867353,1
0,5285.0,7178.330744872238,999.0,1.0,13,0,False,1.3090222167620227,0
2,8439.628649038188,9845.598525992413,103.73356631744096,0.9444444444444444,12,3,False,1.0464794680705134,0
10,12057.060546322582,13576.123437677572,-119.88405952955421,0.7804878048780488,10,6,False,1.2290282313163479,1
4,9900.487466869312,11461.20327432038,-107.5612266299197,0.5897435897435898,22,2,False,1.4174409458244108,1
4,7864.056193558173,10223.510686536998,-334.60779652627957,0.3888888888888889,6,1,True,1.2461291364599303,0
4,8568.13652384685,9776.658708547526,-28.543159205755032,0.5,18,2,False,1.1026423112067576,0
4,7863.061063389954,7924.13603039031,64.89508272074761,0.38461538461538464,22,6,False,1.2091784146362243,1
5,1987.6190837654465,4004.481807089009,22.0,0.5,8,1,False,1.076066788442256,0
4,3926.9937525403166,4663.474304918694,104.63885383245325,0.8,7,6,False,1.0559981530263418,0
0,7417.0,9762.958398422443,999.0,1.0,11,2,False,1.2481953402169839,0
0,3969.0,6778.422525572167,999.0,1.0,9,2,False,1.2010149634551885,0
0,8384.0,11055.54941856991,999.0,1.0,10,3,False,1.3751584531288756,1
2,5829.621664996181,8662.933746451756,64.89508272074761,0.9375,8,0,False,1.359562738193523,0
3,882.0496647842228,1830.5014687896155,67.0,0.46153846153846156,20,4,False,1.323697063340932,0
8,6017.08473682525,8466.501264682676,-86.37394475457445,0.7272727272727273,12,3,False,1.3431063123416473,0
0,8208.0,12044.789496231037,999.0,1.0,20,5,False,1.4305526901590244,0
0,4113.0,6581.953374596857,999.0,1.0,15,0,False,1.455771148756133,0
10,3764.375832351414,6070.10522703143,10.0,0.6341463414634146,19,3,False,1.0715367789488859,0
4,4982.432352105998,7590.332487051806,22.0,0.8787878787878788,10,5,False,1.3226699313286514,0
4,7719.940651087955,10312.46709805488,-514.1550313096456,0.8444444444444444,6,3,True,1.0404370255619302,0
2,1153.7335663174408,2147.725123514261,82.0,0.375,8,6,False,1.2286949144049677,0
4,4645.369757389826,6882.630443683396,4.646236835703172,0.6785714285714286,14,2,False,1.1720711238316628,0
0,2086.0,3830.958014477985,999.0,1.0,16,6,False,1.293660354609881,0
8,4778.168571430624,6398.8189795494145,10.0,0.7575757575757576,17,1,False,1.1501369686088432,0
4,15152.290508569913,15893.524312314667,88.28780651440432,0.8846153846153846,17,3,False,1.4309290852170315,1
5,4804.277207423871,6325.180619040634,-66.11577571912883,0.625,12,3,False,1.1673619395135884,0
1,5082.969692257258,6911.4720823887055,44.0,0.92,19,1,False,1.425950468138019,1
0,7114.0,10268.459475261147,999.0,1.0,12,1,False,1.1771471694642024,0
8,2371.8949822752575,3400.745734649847,11.0,0.5,12,1,False,1.2519440712074308,0
8,5118.762274445867,7790.039273104756,-624.6472939738487,0.7446808510638298,7,5,True,1.136248912916718,0
0,3941.0,5360.346371057098,999.0,1.0,11,1,False,1.4385204298494798,1
0,6839.0,9668.05955122934,999.0,1.0,10,0,False,1.205113910107798,0
2,10184.337158401024,11479.027610247485,96.8468713898756,0.8947368421052632,16,2,False,1.1053662831847602,0
5,2388.0553459432226,3635.458289033131,22.0,0.6875,6,0,False,1.2129195226644927,0
0,4003.0,5803.096253061544,999.0,1.0,16,6,False,1.2241419876389799,0
0,8592.0,10589.270116471125,999.0,1.0,15,1,False,1.1413575048028324,0
0,1561.0,2449.0120770342787,999.0,1.0,19,4,False,1.349585711228408,0
0,2529.0,5876.2838473959655,999.0,1.0,21,1,False,1.486597558056907,0
0,3524.0,6668.0521033437735,999.0,1.0,13,0,False,1.277928008595137,0
2,2686.6216649961802,5821.664241192541,64.89508272074761,0.9230769230769231,19,1,False,1.1661167863002666,0
2,10656.621664996179,14388.61227011602,64.89508272074761,0.9710144927536232,14,4,False,1.4473834285041667,1
8,4072.4553335152405,6204.6004751472865,-63.56454710975855,0.6410256410256411,15,5,False,1.3310390645911943,0
3,2823.5194828088297,3282.964839599154,11.0,0.045454545454545456,10,5,False,1.0411090715025155,0
1,495.9247614726263,1558.2097786847808,10.0,0.875,16,0,False,1.0618885399203684,0
0,7109.0,13783.66604038113,999.0,1.0,21,5,False,1.2930777894489949,0
8,9181.336515352545,13394.083375940256,-73.55111188583518,0.8518518518518519,20,4,False,1.404990595945453,0
8,12410.130374619046,13915.200085745644,12.0,0.5,10,0,True,1.4250125331199361,1
0,6641.0,9034.07113896959,999.0,1.0,10,6,False,1.4663856765818872,1
4,5049.7105921280045,7198.371139703305,58.98400985257212,0.8857142857142857,16,2,False,1.242874260576268,0
4,6923.880489796336,9816.095305776262,-351.467149469539,0.9,19,3,True,1.3611348135517594,0
0,6688.0,8214.763265794436,999.0,1.0,8,6,False,1.0121423193376349,0
0,3396.0,4255.93430079828,999.0,1.0,19,6,False,1.1778667864322667,0
2,6990.628649038188,8614.01844032711,103.73356631744096,0.9166666666666666,16,3,False,1.2889282431396518,1
2,7468.327254015479,11142.924409448446,-276.81632053821073,0.9523809523809523,19,0,True,1.3520569602603665,0
8,8287.34436813353,10047.679153557672,-93.16219018434239,0.55,15,6,False,1.2626079404065638,1
8,11377.249045846218,12148.114976618697,-44.8652596713022,0.5555555555555556,14,0,False,1.1862842268507396,1
4,3701.8519737586785,5580.945508808472,76.16562250705879,0.8666666666666667,18,2,False,1.3885417659742954,0
2,3868.6216649961802,4931.296428369569,64.89508272074761,0.9230769230769231,22,0,False,1.165612749986095,0
0,8787.0,10545.595775488098,999.0,1.0,19,3,False,1.028901503245902,0
4,6638.225419320218,9033.57333437163,-127.87677920625455,0.6904761904761905,18,6,False,1.424330817057877,1
0,3921.0,5913.711926238156,999.0,1.0,10,2,False,1.020792529653041,0
0,1520.0,2160.5534068463844,999.0,1.0,13,2,False,1.2865369205472448,0
8,7530.609728591311,10511.749220246606,10.0,0.8297872340425532,8,3,False,1.299156854430826,0
4,2333.588400807163,3032.248605623459,0.23218899876755264,0.5,11,2,False,1.492115076077333,1
0,2580.0,4384.376365756465,999.0,1.0,19,3,False,1.2314549695518864,0
4,4672.532668450325,6687.315656657846,85.38679094380448,0.6842105263157895,12,4,False,1.4573841794577578,1
4,3161.9406510879553,4662.940743983492,-30.038207854307053,0.6818181818181818,21,0,False,1.3584375797194694,0
4,5716.321126768345,6457.397351652589,112.17524926182361,0.5862068965517241,19,0,False,1.067402934487657,0
6,5486.0038807282235,8509.342840299185,-197.60130754052693,0.8,16,6,True,1.245441566719793,0
0,4960.0,7459.779800555715,999.0,1.0,11,5,False,1.072207172380209,0
8,7536.586608044273,10916.475452687768,12.0,0.8444444444444444,15,2,False,1.321803234545215,0
6,4499.5057519472475,6023.576318867352,44.0,0.8333333333333334,13,2,False,1.4697307367656047,1
6,3675.8173842710294,8091.079164485003,-98.00764157727286,0.6444444444444445,10,4,False,1.172127872746672,0
8,5327.62911372527,7840.093850967043,-240.06423652427176,0.7142857142857143,8,6,False,1.002288671325194,0
8,7335.583444987561,8776.06541194833,39.91523358996693,0.65625,20,3,False,1.4125421235447662,1
6,1870.7570928637747,1870.7570928637747,22.0,0.35294117647058826,7,4,False,1.3470923819119713,1
9,3330.9333073538965,4352.301013925856,-396.2744829961685,0.42105263157894735,17,4,True,1.27837225782145,0
0,4980.0,8712.05704954879,999.0,1.0,15,4,False,1.4008877272841507,0
0,5343.0,8657.795092304948,999.0,1.0,20,3,False,1.4302313936538347,0
0,6049.0,9137.891015095789,999.0,1.0,6,6,False,1.0603568303686919,0
6,3567.505751947247,8702.80179870954,10.0,0.8648648648648649,12,5,False,1.3283855119359629,0
4,4585.133650264451,6060.398933515534,79.47801252071599,0.72,12,6,False,1.1412059738913403,0
8,5628.71484215319,7570.59866493164,-539.3000731401421,0.5714285714285714,10,2,True,1.4730098048527756,1
6,2058.3556567307633,2058.3556567307633,22.0,0.17647058823529413,13,2,False,1.2134257481587565,1
0,5482.0,7295.918746162121,999.0,1.0,16,6,False,1.4486659510838646,1
4,5934.279797520745,7285.277164895199,-47.48541945689813,0.6216216216216216,12,1,False,1.0508906318099518,0
6,7552.429951731211,9228.69895134749,12.0,0.5686274509803921,13,1,False,1.1385232832576522,0
0,3973.0,6167.207218095965,999.0,1.0,13,3,False,1.0053597732887765,0
6,3759.957934486102,6148.977145722557,-82.40312529139128,0.8064516129032258,11,6,False,1.4545509524388396,0
0,4525.0,8819.196382571552,999.0,1.0,8,0,False,1.317477664825554,0
4,4238.5860509879985,5498.919242572165,44.0,0.8333333333333334,21,6,False,1.3595692150313723,1
0,4816.0,7077.018808721648,999.0,1.0,18,5,False,1.1649244764184508,0
3,1655.2129116104904,2141.918184705608,137.0,0.5,21,5,False,1.1734000127587556,0
4,7251.981860145976,11624.593044179946,84.0,0.6818181818181818,16,5,False,1.0108891630787942,0
0,4939.0,5479.093957508792,999.0,1.0,8,4,False,1.3905116328453988,1
8,4846.49774500763,6214.292709054416,-90.75724476806192,0.44,20,6,False,1.0723646883370788,0
10,10200.289710014516,15765.08857737617,22.0,0.6716417910447762,10,0,False,1.3680220249282282,0
2,3074.313461657783,3505.9965741413553,-60.482224327507964,0.041666666666666664,22,5,False,1.4370207888432938,1
8,5005.763179524387,6685.718617476755,12.0,0.7741935483870968,6,6,False,1.1739188088945949,0
0,8050.0,9411.302737531212,999.0,1.0,6,3,False,1.3406191667218672,1
0,1716.0,2615.828483309483,999.0,1.0,21,5,False,1.2273488444703946,0
2,5339.628649038188,7658.545685777667,103.73356631744096,0.9259259259259259,6,1,True,1.1389872331226647,0
6,6366.172381173538,10713.61614455292,12.0,0.7727272727272727,10,6,False,1.2154374603554126,0
0,2820.0,3857.1165014879907,999.0,1.0,16,6,False,1.38768249381511,1
6,7672.667268350554,14122.643469726461,44.0,0.8979591836734694,10,5,False,1.4317898872324866,0
0,10203.0,17966.896669111196,999.0,1.0,9,1,False,1.0355316961391923,0
4,1690.0974853391467,2030.2935151705074,3.0,0.6842105263157895,20,4,False,1.2856832513908647,1
8,5159.362920770379,6215.452984249974,-384.4533508083613,0.7037037037037037,11,4,True,1.1202033862054912,0
0,4187.0,12073.70828949066,999.0,1.0,11,2,False,1.1050065563304126,0
8,4918.562409648714,6035.069822827673,3.0,0.6774193548387096,13,3,False,1.0575636492246197,0
5,6136.457149405802,7834.368150797894,12.0,0.6521739130434783,14,2,False,1.4573101045349026,1
4,7823.15036059129,9915.469856669093,64.89508272074761,0.7741935483870968,6,4,False,1.1554900346043553,0
0,4387.0,6589.057470185226,999.0,1.0,22,5,False,1.3444969457647198,0
4,7887.588400807163,10894.218581697642,-87.69311724561557,0.7857142857142857,13,2,False,1.4827865951721142,1
0,1402.0,1670.6678775008436,999.0,1.0,20,5,False,1.0303762299068469,0
0,4052.0,5595.313619335767,999.0,1.0,19,1,False,1.3807977946490477,0
8,4682.662246567783,6769.440761052631,-419.07802233525285,0.675,6,5,True,1.0995473134915752,0
0,8857.0,12806.493086148852,999.0,1.0,14,0,False,1.4313578993454363,0
0,5270.0,8629.414189357149,999.0,1.0,11,1,False,1.3122037074566792,0
0,2737.0,4950.618778723612,999.0,1.0,16,0,False,1.3241263142531907,0
4,3173.6637790498876,4110.82168712465,49.76869632914,0.5333333333333333,11,1,False,1.4265389725096784,1
0,6744.0,7616.107354184433,999.0,1.0,10,1,False,1.4026678990333614,1
2,1567.3272540154794,1910.138370828814,23.681017179776383,0.8333333333333334,10,1,False,1.02528555825683,0
0,4111.0,7489.6368888173165,999.0,1.0,13,5,False,1.304203760616863,0
1,3313.4275046329376,5670.356030502672,161.0,0.9310344827586207,13,5,False,1.0982532754313032,0
3,1801.9706314468117,3756.4634400214736,40.48034443566385,0.8,8,0,False,1.1175922306770836,0
6,4987.113600988814,7083.885823477422,-100.51619475899962,0.75,21,4,False,1.3642478541749428,0
4,2486.317317416005,5020.930181286358,-189.3675079287092,0.8387096774193549,21,6,False,1.1243483522651994,0
4,3335.437378889237,5230.801423048852,-382.9921573218199,0.8888888888888888,10,6,True,1.144809148265319,0
8,5540.821054630592,8700.857010724538,12.0,0.6862745098039216,17,2,False,1.0732521569102662,0
6,4563.392736486733,5737.233101330918,-150.13718871269725,0.5294117647058824,19,6,False,1.2631379159272587,1
4,3254.1724162014157,4356.959283832939,23.681017179776383,0.3125,13,0,False,1.4271524683165335,1
4,2546.014236015293,4183.994942210144,39.91523358996693,0.8461538461538461,7,0,False,1.411042551621587,0
6,4796.35928505618,8475.295595572321,10.0,0.8461538461538461,22,2,False,1.4264676743708087,0
4,11275.33108201097,12416.437149660149,58.98400985257212,0.896551724137931,20,6,False,1.4830437326527748,1
4,4586.306552687896,6926.372989041841,87.84590727370347,0.88,21,1,False,1.0088634293332006,0
4,5446.770319863888,10319.619530903235,-341.45768655921717,0.8620689655172413,7,6,True,1.1183851061298324,0
0,3883.0,6148.110126266496,999.0,1.0,13,5,False,1.030120413329917,0
2,5550.76869632914,8103.806514766045,-185.4518755101409,0.5,11,1,True,1.338509909621109,0
6,4325.244106660144,6479.090443772733,10.0,0.525,11,6,False,1.4118243032758453,0
4,4604.093742040918,6246.0984561143,55.36017572347747,0.8181818181818182,11,1,False,1.1514663535572653,0
4,8801.11068569052,9102.901890663907,38.0,0.5882352941176471,14,6,False,1.4960459410787408,1
0,2562.0,3369.2368785533117,999.0,1.0,6,5,False,1.2902271172164785,0
0,6292.0,7779.452691492506,999.0,1.0,22,4,False,1.313048850684576,1
6,2383.7449253640725,2413.3856640344466,22.0,0.6666666666666666,10,0,False,1.1957307866522213,1
0,7652.0,12999.775516208134,999.0,1.0,18,0,False,1.0500061130824916,0
8,4661.0305439261665,7908.166214168597,-524.49222385485,0.7352941176470589,11,3,True,1.208466185206367,0
0,2769.0,7005.767042060499,999.0,1.0,9,0,False,1.2588637159151312,0
0,4546.0,6566.773677655318,999.0,1.0,8,0,False,1.0765778965451567,0
8,4066.362920770379,6336.544907124837,-9.92621315147072,0.7647058823529411,13,1,False,1.2652861716586332,0
0,4372.0,8820.821411597502,999.0,1.0,20,6,False,1.3500752352496317,0
8,13312.085832318702,14461.26283204674,22.0,0.35,9,1,False,1.2861604502197683,1
0,1950.0,3300.9386073331543,999.0,1.0,19,0,False,1.3804373291282572,0
8,5114.108546451644,7207.476908194012,-366.47599893845194,0.7454545454545455,16,0,True,1.1041025129991975,0
4,1676.3576064750346,2529.1212818542576,-471.7622323721886,0.75,6,2,True,1.4431186453498612,0
6,1536.9425504130513,2760.3156467447416,-1030.2703476285278,0.36363636363636365,21,3,True,1.192102268501199,0
0,9076.0,12669.299512941074,999.0,1.0,15,5,False,1.494581405425106,1
0,2747.0,4087.0142662424005,999.0,1.0,13,3,False,1.062897522133194,0
0,7518.0,11127.283691869428,999.0,1.0,6,2,False,1.0630551417447243,0
3,2523.000386077365,2976.2181363498316,-87.21534477512745,0.75,6,1,False,1.1114016644754354,0
5,3564.7791696718145,6158.592566208286,-932.0770003902163,0.8571428571428571,13,2,True,1.1525988913663416,0
0,640.0,1023.7173244820038,999.0,1.0,16,2,False,1.3387648506388148,0
3,3684.1819631889052,4923.765043856997,22.0,0.7777777777777778,21,0,False,1.3228256200881483,0
10,9725.844237006806,13293.411871168504,-777.0119123252513,0.8461538461538461,6,4,True,1.315438938983968,0
3,4402.08538158992,6228.116223173079,10.0,0.8888888888888888,11,4,False,1.398782602987742,0
8,6729.070781882995,8677.718959507902,-7.618307176538053,0.7924528301886793,18,4,False,1.2520677533629956,0
6,3236.396986593273,4536.07149408239,10.0,0.5714285714285714,11,3,False,1.4912876585864334,1
0,3647.0,4470.527598353594,999.0,1.0,15,2,False,1.1694693252989543,0
6,3261.566608012946,5329.478338115773,44.0,0.6666666666666666,13,3,False,1.247473430418063,0
4,3867.222698478403,4547.672155797941,4.646236835703172,0.24242424242424243,9,4,False,1.406655316685681,1
7,1714.8757697767976,2392.080490746237,-85.16316646110623,0.38461538461538464,21,2,False,1.0527503495148582,0
4,7864.499528711112,10169.30545580034,1.9184099375676027,0.8148148148148148,19,6,False,1.3230484170969214,1
6,5612.244932505462,7399.826553568173,-344.4627019625001,0.6923076923076923,19,1,True,1.2744011998193305,0
0,1410.0,2919.1795678810377,999.0,1.0,20,5,False,1.2539528945051013,0
0,6504.0,8363.051934379755,999.0,1.0,6,6,False,1.0140805694352097,0
0,1445.0,2002.4572777967096,999.0,1.0,9,6,False,1.3575490232399892,0
6,3648.5175243847116,4513.3202628019435,22.0,0.24,17,2,False,1.4059804119749681,1
10,6799.217467249122,9644.550133771718,-204.67686490941057,0.8125,13,5,False,1.325157056290704,0
8,6364.16298812399,8589.291596371655,10.0,0.8181818181818182,7,6,False,1.2392469632732128,0
0,1791.0,3692.5810990500504,999.0,1.0,14,6,False,1.0513495166134386,0
0,4052.0,6850.18235684831,999.0,1.0,11,0,False,1.0708178994876094,0
10,6187.661485761909,9823.484816434278,-276.03164134849874,0.8431372549019608,19,1,False,1.4075944839143881,0
0,3576.0,4451.706466560212,999.0,1.0,22,3,False,1.1356263003766944,0
4,4701.13128458211,5878.084787293112,2.0,0.43243243243243246,14,1,False,1.473483503322543,1
6,4060.2232498377666,5252.652418955371,39.91523358996693,0.75,9,6,False,1.2537198086019592,0
0,5249.0,6518.431774318921,999.0,1.0,21,3,False,1.4935273702506646,1
6,9070.813146850738,12224.236414375333,-34.337065885253594,0.75,8,2,False,1.0385755852481575,0
4,7376.865032623928,10928.199009128875,7.755408472680898,0.8979591836734694,15,0,False,1.049780073562097,0
3,1932.6126360149879,3439.004124784273,59.833131826168795,0.8,12,4,False,1.098643936071442,0
4,11890.06264230034,12987.47048620149,61.0,0.32142857142857145,11,5,False,1.4711820358573002,1
0,10472.0,14829.951393500103,999.0,1.0,13,0,False,1.084466741223596,0
0,5091.0,6891.4163681709315,999.0,1.0,16,6,False,1.4308557538753703,1
0,4800.0,9031.658175133089,999.0,1.0,7,5,False,1.1357878912040198,0
6,5365.6158824075355,8909.377874175172,11.0,0.9,18,5,False,1.1638701953547756,0
2,1899.335851025618,4051.331603961651,-82.75434007667789,0.9444444444444444,12,3,False,1.3054629842182854,0
4,5050.246708849856,6603.842201198089,49.76869632914,0.4444444444444444,6,4,False,1.2503224611398747,0
4,2949.686504731774,3941.425550543833,31.77294643567951,0.4642857142857143,20,2,False,1.3221455714811625,0
0,5328.0,7374.728083242522,999.0,1.0,18,1,False,1.12013622815824,0
8,5807.598710017772,6654.766604104438,10.0,0.3235294117647059,20,3,False,1.0666937901943974,0
0,4546.0,5953.654409350676,999.0,1.0,13,2,False,1.0772787137776816,0
0,10523.0,20344.020306878334,999.0,1.0,6,3,False,1.0373446636734185,0
0,5857.0,11209.634203995824,999.0,1.0,7,4,False,1.0733833376649076,0
2,1588.276934393203,2002.3085103053752,68.63808056074974,0.875,6,0,False,1.3664163021577338,1
0,7058.0,8898.009885692043,999.0,1.0,9,1,False,1.0177125879951625,0
0,2106.0,3210.678943226574,999.0,1.0,15,0,False,1.4166078898941359,0
0,13300.0,20568.2345114881,999.0,1.0,20,5,False,1.00996195667761,0
4,2288.317317416005,4818.595390206581,67.0,0.8571428571428571,10,0,False,1.2684423084578715,0
0,2270.0,2734.9898213776587,999.0,1.0,19,2,False,1.0935141437263198,0
4,1465.4970811647931,1465.4970811647931,84.0,0.38461538461538464,7,0,False,1.1709080706819845,1
6,5516.505751947247,10612.545441231541,-58.59482971520275,0.9166666666666666,6,5,False,1.2494029781048606,0
3,1637.5906059619756,1975.9439882734036,77.0,0.6153846153846154,19,6,False,1.295503678175885,1
2,2278.059940244831,3476.1653589574034,61.0,0.47368421052631576,16,1,False,1.4145951346125654,0
8,4199.406146605832,5588.308086787894,11.0,0.7142857142857143,8,1,False,1.3709236164191623,1
0,4586.0,6774.383025958757,999.0,1.0,19,5,False,1.1421420722264535,0
2,5013.628649038188,6502.610428732534,103.73356631744096,0.92,9,5,False,1.1612869743196204,0
8,5912.839109916645,8498.803159167983,-11.867134670911035,0.75,11,6,False,1.1215003171235285,0
3,1424.8418116191435,1439.1131572606516,136.0,0.42857142857142855,11,4,False,1.3145746201415216,1
0,3715.0,6680.166220135019,999.0,1.0,11,4,False,1.394552428962593,0
4,9671.53689113493,15770.458072293906,17.0,0.9393939393939394,13,0,False,1.1348391679281882,0
8,3776.742246804809,4174.34581990571,11.0,0.52,9,1,False,1.2486445656824254,1
4,9353.771398384648,12774.282749483691,49.76869632914,0.90625,10,5,False,1.2117858645618258,0
6,8677.35928505618,13411.217852934089,-415.91679414013686,0.88,10,3,True,1.2423689764507557,0
4,7236.270338453233,16008.552577778395,49.54375617780053,0.8888888888888888,22,5,False,1.2033318870653003,0
0,2189.0,3738.527181435788,999.0,1.0,18,5,False,1.059852356785187,0
0,1990.0,2604.1697223669826,999.0,1.0,20,6,False,1.2120802203670542,0
0,3466.0,5499.851819689682,999.0,1.0,18,5,False,1.1990302167791245,0
0,2562.0,3256.832180891687,999.0,1.0,9,1,False,1.0991559096807866,0
4,4915.270338453233,8852.993895520476,49.54375617780053,0.7948717948717948,9,6,False,1.0701702363522558,0
0,2987.0,3221.3261621167258,999.0,1.0,8,3,False,1.406927079571407,1
7,1521.6008508216946,1817.710496666067,22.0,0.3333333333333333,20,1,False,1.214624423687603,1
0,5889.0,7410.606441235398,999.0,1.0,10,4,False,1.076657743700426,0
0,4617.0,6820.472946534906,999.0,1.0,9,1,False,1.0020287376363024,0
2,10843.621664996179,16190.436925258575,64.89508272074761,0.9622641509433962,14,0,False,1.3036469607120493,0
0,8886.0,16173.77601271826,999.0,1.0,10,6,False,1.3969285977175512,0
6,2931.2808822408997,3480.609275428014,44.0,0.75,7,1,False,1.0840894514604866,0
6,5837.398173513032,8286.830758165966,39.91523358996693,0.8409090909090909,6,2,False,1.4091612458138763,0
6,3294.7983911193955,4678.434395604735,44.0,0.6818181818181818,9,6,False,1.0549334760397526,0
8,6498.901329972878,10687.987090016457,12.0,0.86,19,0,False,1.4581154718471894,0
0,4589.0,4930.007038416764,999.0,1.0,19,3,False,1.0661836256322246,0
8,7214.362920770379,12796.975717611833,-263.2750438510808,0.84,22,0,True,1.3777044858893044,0
0,6980.0,9750.438319315104,999.0,1.0,8,5,False,1.3253023579846617,0
10,5063.181095959755,6898.760194995363,10.0,0.6666666666666666,17,5,False,1.4545451512457277,1
0,3997.0,7342.094116903141,999.0,1.0,15,2,False,1.1540601800982802,0
8,4874.367312652819,6054.610578444065,-50.11402138893999,0.627906976744186,19,2,False,1.4077824696755843,1
0,2313.0,3368.5900284201152,999.0,1.0,11,6,False,1.326518559743151,0
8,7492.24947585558,14293.690299127704,-388.455342630447,0.8653846153846154,21,1,True,1.0922940626171052,0
0,5477.0,6439.214576646504,999.0,1.0,19,6,False,1.2390932746061472,1
0,2981.0,5450.01477501723,999.0,1.0,9,1,False,1.183551285474605,0
4,4351.603177288185,6272.7621891978715,68.1251647674691,0.7586206896551724,19,1,False,1.0213290920921596,0
0,6559.0,9544.751393729372,999.0,1.0,8,6,False,1.24027311488869,0
0,3204.0,5676.2402470240295,999.0,1.0,8,2,False,1.2231849771768837,0
0,6724.0,8073.943921875516,999.0,1.0,8,4,False,1.3635313071413173,1
2,6000.62166499618,9829.754366737774,10.0,0.9523809523809523,7,2,False,1.349686522371449,0
0,6838.0,10086.969259191734,999.0,1.0,18,2,False,1.2815539953635964,0
4,4172.879443823962,5458.588437325427,88.0,0.3235294117647059,8,1,False,1.1876419627458898,0
9,5283.402017081961,7500.822936920678,22.0,0.696969696969697,11,3,False,1.2569998866687804,0
8,6908.183897702598,8644.100467970535,-469.840502833036,0.7777777777777778,15,2,True,1.1638492417668147,0
0,7042.0,10371.034564632173,999.0,1.0,16,1,False,1.3335411518192946,0
6,6364.752089516202,6807.737737570084,-236.5094659587673,0.4,19,5,False,1.4236369747189546,1
8,10043.426174246888,14643.684657904525,-173.2766862012293,0.8769230769230769,14,0,False,1.0946121471514703,0
1,2754.6276236046324,4482.616215707842,103.73356631744096,0.9,12,2,False,1.2138489488331927,0
0,4674.0,5052.683412280505,999.0,1.0,17,5,False,1.1130207584420981,1
0,2941.0,4824.715580785726,999.0,1.0,10,0,False,1.402977378897943,0
4,4815.018168762508,6581.38494729373,138.0,0.5135135135135135,7,6,False,1.4383570560305239,1
6,3011.7209966685537,5181.70940873389,-517.4626862831755,0.6538461538461539,22,3,True,1.2789818129079191,0
0,4238.0,7333.943030448557,999.0,1.0,20,3,False,1.2763717172614513,0
3,3325.8268946862977,4260.657960381672,138.0,0.7619047619047619,10,4,False,1.010687524448792,0
3,1933.8001821451162,1933.8001821451162,13.50224109246566,0.1875,6,3,False,1.290071314053334,1
6,14076.208681957121,16395.634356332743,44.0,0.8,13,6,False,1.3705283182295342,1
8,8878.362920770378,13591.390658582526,44.0,0.8571428571428571,11,0,False,1.378600885118773,0
6,13239.122528227046,14752.495113517405,10.0,0.7857142857142857,10,1,False,1.0851992685827676,0
1,3329.6042145755528,4949.150180865665,25.0,0.9230769230769231,20,5,False,1.0047316561722115,0
10,9891.970676256813,14131.771004080796,-112.29073131393443,0.8125,14,6,False,1.4207647863005493,0
10,3557.759663094404,5734.051917731018,-216.66156954430363,0.6666666666666666,11,4,False,1.1706714947630779,0
6,3633.6292477208253,5121.126126882491,10.0,0.7931034482758621,10,3,False,1.421777123525544,1
0,2422.0,4823.212110603019,999.0,1.0,9,3,False,1.377704215942817,0
6,5558.172381173539,7579.586640603909,-274.7096201971473,0.7560975609756098,19,6,False,1.1847958778693584,0
3,1237.6160789539613,1509.6524924418477,67.5428526918846,0.5833333333333334,7,5,False,1.4336823235696652,1
2,9152.621664996179,11880.906435053374,64.89508272074761,0.9523809523809523,12,5,False,1.4952815250689233,1
10,9140.319331779745,13401.729247277168,-77.81081046218142,0.7916666666666666,17,3,False,1.0269510822453767,0
4,5793.48581786132,10453.934829747619,64.89508272074761,0.8863636363636364,15,6,False,1.4174092581847404,0
6,4642.779169671815,7799.5011687258275,12.0,0.8571428571428571,15,1,False,1.0680162256144212,0
2,6879.327254015479,10826.0828639655,-44.73742510760944,0.96,12,5,False,1.1536276360371378,0
0,4528.0,7682.76928251464,999.0,1.0,6,4,False,1.419312661529339,0
5,4016.5576339208883,5224.833363045615,11.0,0.7692307692307693,17,6,False,1.4961141061762615,1
0,905.0,1458.731394609418,999.0,1.0,9,6,False,1.1370072754414116,0
0,3627.0,6758.936955135195,999.0,1.0,22,6,False,1.1812710862754094,0
0,9410.0,17500.681172140707,999.0,1.0,9,2,False,1.2799188229814475,0
5,1484.5448410015247,1717.0258292180904,22.0,0.5384615384615384,7,0,False,1.4241050809639046,1
6,6378.674252392562,9389.242743342518,-258.8983627967767,0.8888888888888888,7,3,False,1.0360150356031128,0
0,653.0,975.7860833482542,999.0,1.0,6,5,False,1.2189867942419106,0
0,1574.0,1630.4130266828229,999.0,1.0,20,2,False,1.0326232625237177,0
0,7817.0,12615.535998857762,999.0,1.0,11,6,False,1.2947931369464585,0
6,3547.8308823355205,4816.989280066057,22.0,0.6153846153846154,11,1,False,1.0199224648855867,0
0,5845.0,8876.082103960547,999.0,1.0,17,1,False,1.0890047130797862,0
0,5311.0,7871.4510686776175,999.0,1.0,10,3,False,1.0698927236471498,0
6,3210.8793180281364,4022.5397110851263,10.0,0.4,12,0,False,1.266535819246311,1
4,1923.95091086405,2448.568567384307,55.36017572347747,0.5625,22,0,False,1.4627363583068735,1
0,3626.0,6044.704970035406,999.0,1.0,17,4,False,1.4171568992861423,0
2,8223.32725401548,11472.319988999949,23.681017179776383,0.95,21,6,False,1.4212660571240638,1
8,5083.508799270563,7983.334414208379,-458.5126894470046,0.6428571428571429,12,5,True,1.0130153823201449,0
8,3924.3819574216195,5411.728671657556,22.0,0.42424242424242425,12,3,False,1.2920210932926268,0
4,2335.0586333376664,4712.962848516391,2.0,0.782608695652174,6,2,False,1.4218057112449178,0
8,6671.805270552224,9382.28340365539,-374.58430577849253,0.7941176470588235,9,6,True,1.0768853922592612,0
0,6427.0,9441.335229577153,999.0,1.0,12,1,False,1.2363680553340817,0
4,3837.8592569342627,4930.654142503141,31.77294643567951,0.8235294117647058,20,0,False,1.1041004263015097,0
4,4999.2243760844,6932.035794920737,64.89508272074761,0.84375,21,3,False,1.4135439910876149,1
2,10482.046819914558,12768.044295141,68.63808056074974,0.9444444444444444,15,2,False,1.354755449075832,1
0,1987.0,2729.914018731605,999.0,1.0,6,0,False,1.1261498358468969,0
6,1834.0935733477563,2167.0370302055962,-312.28512584803696,0.6,12,2,True,1.1186170681270298,0
6,4777.520801459486,6903.680378437101,-3.9690983726023674,0.76,19,4,False,1.4650543780073095,1
6,4355.784382852851,7435.270233526415,-654.7052852451601,0.8529411764705882,21,4,True,1.1864001759645302,0
0,3263.0,6235.023082464963,999.0,1.0,8,4,False,1.1364598111035895,0
6,8925.113600988814,13539.04250733279,22.0,0.8909090909090909,20,5,False,1.3646422605700854,0
6,9741.113600988814,12678.690935786073,22.0,0.8867924528301887,13,4,False,1.3452266996685738,1
0,2313.0,4266.737212002089,999.0,1.0,20,4,False,1.2557801381645313,0
4,2905.6680291564276,5690.0422630441935,-27.041804686800447,0.6153846153846154,8,3,True,1.384969410919991,0
0,3805.0,6127.457182799137,999.0,1.0,13,5,False,1.2936796356879183,0
4,8755.427744873117,9922.456219107356,66.62772410515086,0.75,6,4,True,1.1484676866077859,1
8,4396.005928999467,5516.595569685447,-422.93594634913353,0.7037037037037037,20,1,True,1.2447300048613528,0
4,2738.392430027592,4867.242263612184,88.0,0.6052631578947368,20,1,False,1.048566059859754,0
0,6276.0,9404.499393374881,999.0,1.0,6,0,False,1.3066272848061558,0
0,6622.0,9986.774941418635,999.0,1.0,11,2,False,1.42936193635637,0
0,3953.0,6042.833629573865,999.0,1.0,11,0,False,1.3300111876506477,0
7,3006.0308646010417,3763.9418217059624,-574.2232838490477,0.2608695652173913,13,5,True,1.1068675021573133,0
6,2066.514423772067,3442.643094061732,-147.54259716521491,0.7222222222222222,16,4,False,1.2426722805072445,0
10,10124.116554756998,13234.798048040944,-124.50971666470156,0.7241379310344828,20,6,False,1.202109402480583,0
6,8697.625718738738,15753.181549848701,10.0,0.7894736842105263,22,0,False,1.0567389554465747,0
0,2020.0,2704.1339646518413,999.0,1.0,8,5,False,1.078908929005201,0
2,4500.327254015479,6906.556701121042,23.681017179776383,0.9354838709677419,9,1,False,1.34337950589504,0
2,7768.327254015479,10178.227937140215,23.681017179776383,0.9459459459459459,22,1,False,1.3962716896074345,1
0,2662.0,3525.810769634782,999.0,1.0,17,0,False,1.4533762804489871,1
0,7537.0,10924.690550259906,999.0,1.0,11,1,False,1.1719610653437562,0
0,5749.0,7916.9939701420735,999.0,1.0,14,3,False,1.3803588333126695,1
2,8067.621664996181,12642.249892852717,64.89508272074761,0.9591836734693877,16,4,False,1.2757951793640838,0
0,3609.0,4752.640583630224,999.0,1.0,6,3,False,1.4070899243334094,1
4,6811.955022965578,9576.414096033624,61.0,0.8,19,6,False,1.1656005563873189,0
0,8157.0,9694.562954072157,999.0,1.0,9,6,False,1.3177546063554502,1
0,976.0,1115.280494300917,999.0,1.0,7,3,False,1.2598069721211451,1
8,2902.47712150423,3541.748609047956,-66.02866594610938,0.44,20,5,False,1.1297100240894855,0
0,9680.0,15881.622607564323,999.0,1.0,21,6,False,1.053852430413146,0
0,5791.0,10631.943743198424,999.0,1.0,10,0,False,1.0560802219727883,0
0,4933.0,5397.942123460877,999.0,1.0,12,3,False,1.4781844942518743,1
0,4960.0,7884.236620006053,999.0,1.0,6,1,False,1.3433238663755793,0
8,6527.442617268076,9950.769173250741,10.0,0.5813953488372093,22,0,False,1.4620989936172595,0
8,4376.971437062688,5812.045055931972,11.0,0.6,22,3,False,1.2037244207766031,0
8,3583.362920770379,7330.957581152696,32.381763939730206,0.6923076923076923,22,0,False,1.3532836696004193,0
3,6516.214030359341,10622.514904436784,64.89508272074761,0.8,11,4,False,1.2133823460295958,0
0,2136.0,3991.9476913678654,999.0,1.0,9,0,False,1.2046390536953195,0
4,5529.409393007373,8009.0413581407665,105.0,0.7096774193548387,12,5,False,1.4367730352028407,0
4,5431.506512753121,7607.806484534112,31.77294643567951,0.7872340425531915,20,5,False,1.3404673089001726,0
4,3989.0952712096296,5554.431545090935,51.36868893419714,0.7647058823529411,14,3,False,1.1956365732781786,0
4,1982.8899637094635,2646.3973765399287,12.872026268890655,0.6428571428571429,16,4,False,1.3247330170736469,0
10,3863.3640831709736,5519.84854649309,-119.97608140593812,0.5714285714285714,15,4,False,1.1540908989677745,0
0,4183.0,5681.641885376143,999.0,1.0,11,2,False,1.2415746399617926,0
0,6351.0,11006.72814250461,999.0,1.0,13,2,False,1.2447562610389116,0
0,7270.0,11354.877855671199,999.0,1.0,18,0,False,1.2270056922104593,0
8,3566.0487497138993,5051.90963306484,-148.76073345416154,0.41379310344827586,9,5,False,1.1332251730672556,0
3,1917.2246964582018,2468.629702978352,-51.88356898894034,0.3333333333333333,10,0,False,1.0024668051710672,0
10,6522.909228792716,7962.710580367504,-219.66931603746266,0.5,10,2,False,1.408645974938761,1
0,4902.0,8138.9374353488665,999.0,1.0,15,6,False,1.3786586458801688,0
2,4011.6286490381885,7183.731728305769,103.73356631744096,0.9333333333333333,16,5,False,1.215108173153154,0
4,3679.0456033543737,5402.70946515487,12.0,0.896551724137931,15,6,False,1.4121847825149265,0
0,3074.0,5701.920618419551,999.0,1.0,14,6,False,1.4153721974240385,0
4,988.7593136237567,1033.9950837431784,12.0,0.6363636363636364,19,0,False,1.4764575599040288,1
4,2703.4110968105465,3238.605423823514,64.89508272074761,0.7,13,5,False,1.2095240643135212,1
0,6710.0,10886.396551606602,999.0,1.0,22,1,False,1.3539366969382667,0
4,6447.951594524349,7758.7074237019515,4.646236835703172,0.48717948717948717,19,3,False,1.1085605975890729,0
4,5690.5884008071625,7541.979817958189,-279.1443865870816,0.775,14,6,False,1.1406966923574107,0
2,2942.6286490381885,5198.9838944162075,103.73356631744096,0.9375,8,3,False,1.093976886039135,0
8,2166.4998308476565,2191.1290790130215,10.0,0.5882352941176471,12,0,False,1.464784218085425,1
4,14781.554616860329,17128.157876474757,89.40873935380868,0.5277777777777778,10,6,False,1.446890455151381,1
3,3696.7670115218534,5473.748959181151,22.719155117406657,0.2857142857142857,6,6,False,1.346533619373314,0
0,2870.0,5654.93655314748,999.0,1.0,8,5,False,1.4125353949601427,0
0,870.0,1818.1211729410372,999.0,1.0,8,5,False,1.1963993087555793,0
3,3332.4722494741673,4212.801932164728,4.646236835703172,0.21739130434782608,11,4,False,1.3557940406403084,1
7,3462.2091847372635,5269.838300542742,-4.816410730599756,0.5526315789473685,7,2,False,1.3861375189971534,0
0,659.0,1429.5680951479935,999.0,1.0,22,4,False,1.2721330264537505,0
0,7102.0,9394.80881719568,999.0,1.0,12,3,False,1.427689614115978,1
0,2518.0,3414.697700271726,999.0,1.0,14,6,False,1.2132429368203836,0
10,7223.333537925193,11727.504757602781,22.0,0.7142857142857143,7,3,False,1.3235817122468823,0
0,4972.0,8023.9699397008,999.0,1.0,7,2,False,1.1685459944816021,0
4,9570.06111109649,12790.094922452003,25.0,0.711864406779661,12,6,False,1.0544505168513654,0
6,1747.780803127175,2363.808627523624,-47.027824396449546,0.125,18,5,True,1.090642314809849,0
4,8898.06111109649,11608.93769269117,25.0,0.6382978723404256,21,5,False,1.3297188994492755,1
0,5065.0,6456.5253535650645,999.0,1.0,16,2,False,1.173205951249537,0
7,2734.97370438729,3849.430826539484,39.91523358996693,0.5263157894736842,13,3,False,1.0229272453353953,0
8,3978.4777100525944,5229.226656406273,4.025977256390738,0.7142857142857143,15,1,False,1.1271314536983867,0
6,4499.772185629807,5184.817996291897,44.0,0.6842105263157895,11,2,False,1.0694097936750697,0
6,3324.632283636316,5614.35007530462,-86.27747591485718,0.8214285714285714,17,4,False,1.0861991784878908,0
6,8831.505751947247,12060.247004766412,44.0,0.8717948717948718,9,3,False,1.280476869244151,0
10,6699.970676256815,8716.335707916416,11.0,0.775,16,3,False,1.2855274203009988,0
0,5906.0,7234.150903968361,999.0,1.0,15,2,False,1.1118471271397723,0
0,6474.0,10564.856975630226,999.0,1.0,12,6,False,1.3822333479415456,0
6,8512.4571494058,10008.869560420995,-110.78871871816526,0.6521739130434783,21,3,True,1.407011466802405,1
0,6461.0,10360.48123813349,999.0,1.0,15,2,False,1.16206087723234,0
4,3833.487196426367,6692.613864524357,-433.4379777582959,0.7222222222222222,17,4,True,1.3144674245112034,0
8,7524.698450361991,9041.057299348222,-491.201286447027,0.5483870967741935,21,4,True,1.169825264923182,0
0,4049.0,6003.295038811812,999.0,1.0,20,0,False,1.1492554589017732,0
4,4943.201780259415,6693.468092851763,-43.749185739404595,0.5517241379310345,8,5,False,1.3182975820306955,0
4,6629.061063389954,6629.061063389954,64.89508272074761,0.4666666666666667,22,1,False,1.4987626275559431,1
8,14198.85084884063,16934.627845561045,10.0,0.7843137254901961,15,6,False,1.4599023178125703,1
2,7363.199862765303,11201.513875413224,151.0,0.9111111111111111,7,5,False,1.3700999255842894,0
0,4368.0,5949.914747709903,999.0,1.0,20,2,False,1.334421292339563,0
6,6717.172381173539,9606.684167587497,-90.6873607884342,0.7872340425531915,11,5,False,1.4936440589590034,1
4,9003.81586524246,9115.528050999987,137.0,0.6296296296296297,22,4,False,1.0332415899019678,1
2,4161.621664996181,5918.211115258124,-54.8094679240054,0.9230769230769231,12,1,False,1.44834922991522,1
6,6811.925072902441,14167.741907126107,11.0,0.8947368421052632,20,3,False,1.1282829212693068,0
8,3941.5586663504855,5256.650451635138,-13.613741006336994,0.7419354838709677,7,0,False,1.3299108030868751,0
4,1470.1967244998414,1470.1967244998414,39.91523358996693,0.125,9,3,False,1.0794574652863036,1
0,9869.0,14954.642459451698,999.0,1.0,16,6,False,1.1328768524000343,0
4,10207.28507034672,11208.109589198164,80.05994024483105,0.85,9,4,False,1.2835769181390493,1
4,11421.423631398284,11773.559624491692,66.62772410515086,0.4444444444444444,6,6,False,1.3696031504421606,1
2,5725.391892209054,8295.005298533306,-357.8872934717567,0.875,7,4,True,1.0459662557850198,0
8,9130.84472746271,11778.027435047767,-13.566883709204816,0.6065573770491803,7,5,False,1.0271097564927218,0
8,4177.406146605832,5160.464166238129,11.0,0.7037037037037037,12,6,False,1.0012349374298413,0
4,7177.140914052257,10452.098949071344,-313.13285207191103,0.9,19,2,True,1.2094085917095962,0
6,5302.925072902441,7788.617118298942,11.0,0.8064516129032258,14,6,False,1.0395661829429068,0
0,11269.0,12678.628465921176,999.0,1.0,22,2,False,1.120234947748276,0
0,3382.0,4551.2700449631675,999.0,1.0,11,0,False,1.3118933150176633,0
2,2679.6286490381885,3152.3364962151118,103.73356631744096,0.9166666666666666,15,1,False,1.067153440485384,0
0,7084.0,10855.124919513495,999.0,1.0,17,4,False,1.203309281111712,0
0,5461.0,7092.016792959564,999.0,1.0,19,4,False,1.0201336178761762,0
4,5660.5884008071625,6762.625046687934,0.23218899876755264,0.7352941176470589,7,3,False,1.204841012769095,1
8,7409.082295565514,7762.6582794939395,44.0,0.2916666666666667,9,2,False,1.0240313158337977,0
0,5614.0,7288.129936029227,999.0,1.0,22,1,False,1.2153348568757698,0
0,7522.0,10739.840333957356,999.0,1.0,10,2,False,1.2758204730154366,0
4,10337.53689113493,17867.844851339054,17.0,0.9512195121951219,21,5,False,1.4612486032919294,0
2,3459.8254910567985,5628.614072881244,165.0,0.9354838709677419,10,2,False,1.328494371636672,0
6,2463.736229063842,5133.551132634595,12.0,0.7619047619047619,7,6,False,1.3909617040411681,0
4,1748.2277006400252,4297.861552419318,19.0,0.8888888888888888,19,2,False,1.4028152997884011,0
0,5729.0,7061.446079424921,999.0,1.0,10,5,False,1.2569333001877745,1
8,4007.3228893174173,5935.872083175006,0.23218899876755264,0.6666666666666666,18,3,False,1.4127062085660194,0
4,4906.841922591217,5907.6758091947695,49.76869632914,0.675,6,1,False,1.2544019563023787,1
4,5673.510541737856,8469.907436236404,-1021.4168075475548,0.5,16,0,True,1.1863915229772841,0
6,4323.093573347756,5991.090033875972,-353.3874586257297,0.8125,13,5,True,1.208032648854603,0
0,5197.0,5847.028090085443,999.0,1.0,11,4,False,1.4319635863569247,1
3,1814.6176580154695,3011.314445326437,49.54375617780053,0.6,22,4,False,1.2897276879487276,0
0,3249.0,3870.3127347588697,999.0,1.0,8,0,False,1.2383442332262118,1
0,5680.0,8321.39948316515,999.0,1.0,15,3,False,1.4477003969283821,0
8,4081.9189022575915,7033.661812089384,-112.3678526341941,0.6896551724137931,17,0,False,1.3137550606118826,0
10,13847.946302017122,14843.435517429798,-58.62309238265435,0.7954545454545454,19,0,False,1.400400102497267,1
3,1282.921895138746,1292.594249587318,69.0,0.5714285714285714,10,6,False,1.2978292101556836,1
0,5123.0,7282.146055282762,999.0,1.0,15,4,False,1.3308717229521156,0
0,5628.0,7954.942891759563,999.0,1.0,18,4,False,1.354402148086774,0
0,3214.0,8807.680591975279,999.0,1.0,6,1,False,1.3926952799729806,0
0,4494.0,8652.244603461375,999.0,1.0,21,3,False,1.0578016883576205,0
6,7712.457149405801,11109.32982407971,12.0,0.673469387755102,12,5,False,1.0409626981625222,0
0,6871.0,8769.493937741245,999.0,1.0,19,1,False,1.2833332822911654,1
4,2407.454140094987,2845.9391302915733,-0.5023429190113298,0.6923076923076923,6,0,False,1.4231847900583028,1
4,2321.499528711112,4680.9384133888225,31.77294643567951,0.6296296296296297,8,1,False,1.2734478302402334,0
0,3972.0,5569.279290783296,999.0,1.0,19,2,False,1.1407316778572194,0
6,4651.0038807282235,7958.193592061961,12.0,0.7872340425531915,13,5,False,1.3153705400342899,0
0,4856.0,6414.678996071657,999.0,1.0,11,2,False,1.1208442935634717,0
0,5489.0,7849.869520955342,999.0,1.0,12,3,False,1.0875756578987492,0
6,6407.093573347755,10022.290551478744,11.0,0.8666666666666667,17,3,False,1.0924000895384651,0
8,5819.9973656169295,6523.978007925112,-91.63383165849808,0.25925925925925924,16,3,False,1.2504867161011184,1
6,3422.3664957466976,4421.41455336682,11.0,0.7692307692307693,6,0,False,1.1987456144358895,0
8,5820.249475855581,8594.570154969557,-67.08326558231929,0.8205128205128205,22,4,False,1.4799373483475584,1
0,1721.0,3576.510754508809,999.0,1.0,8,2,False,1.2512225704944755,0
5,4569.083566973754,7311.777066362198,-252.40725033637614,0.5675675675675675,15,2,False,1.391306243535645,0
2,2888.330773117456,4544.2136118929875,-193.56879724541676,0.7916666666666666,17,6,False,1.009782890815833,0
2,3088.6286490381885,3514.62093137405,103.73356631744096,0.9259259259259259,8,0,False,1.1490938819330176,1
8,11474.318806799605,14311.498082020007,22.0,0.6956521739130435,8,4,False,1.111296773153306,0
4,4662.255944557078,5245.447135653656,-13.134246610622569,0.48,17,6,False,1.059934959838564,0
4,5808.48581786132,6564.823143403375,64.89508272074761,0.8529411764705882,7,0,False,1.1720164298343345,1
7,6630.352837964382,8190.9878549688465,11.0,0.7857142857142857,15,2,False,1.2266884177301323,0
4,3217.5368911349306,5627.37852388215,-400.20546345746453,0.8620689655172413,9,1,True,1.3465392803571952,0
7,3147.9297371600733,3940.463335821882,10.0,0.7083333333333334,16,3,False,1.4197305293970257,1
2,1496.6286490381885,2294.053487195428,103.73356631744096,0.8461538461538461,13,1,False,1.2515426736825706,0
4,3690.903931901278,6976.703247135382,49.54375617780053,0.7222222222222222,22,0,False,1.3517609927371712,0
4,3463.8271696379443,4915.891943880246,59.0,0.8857142857142857,21,5,False,1.160418549528146,0
0,8470.0,11195.005226855148,999.0,1.0,11,3,False,1.2297577527647992,0
0,6404.0,9469.004348005376,999.0,1.0,13,2,False,1.2745245915815846,0
7,4440.092051991598,6140.232633523891,-357.52027176141314,0.4827586206896552,11,6,True,1.1363544313463096,0
8,5428.547811631719,9424.578853058096,-168.30607172956843,0.8043478260869565,11,2,False,1.088347029817971,0
10,3955.844827419806,4715.345547217837,11.0,0.4090909090909091,10,5,False,1.052324353054043,0
0,2977.0,4669.251077567168,999.0,1.0,21,2,False,1.2274655772746037,0
3,3756.808831279346,5441.171672680277,99.3562118083955,0.6666666666666666,14,3,False,1.489748829330766,1
6,5711.172381173539,6496.655847860257,12.0,0.6875,8,2,False,1.2462575214863778,1
0,4113.0,7448.9700589278455,999.0,1.0,13,4,False,1.0620554614989757,0
4,3428.021857172398,6934.997799745998,76.0,0.8518518518518519,22,4,False,1.098668789701009,0
8,7055.438033381965,8175.049240533531,-68.71661148610988,0.5813953488372093,7,2,False,1.1102508670717548,0
8,5526.08473682525,6810.2403744286285,12.0,0.6756756756756757,16,2,False,1.3494231745548007,1
8,2884.801448945729,3415.244618666291,-348.7997159786353,0.5789473684210527,19,5,True,1.0233994066923349,0
4,2936.227700640025,5608.130216105501,19.0,0.9,9,2,False,1.2628727116589442,0
2,8085.62166499618,11050.33726672423,64.89508272074761,0.9512195121951219,15,2,False,1.0199736698809079,0
6,3288.366701785669,6982.084066158234,1.1736105665039815,0.5909090909090909,19,6,False,1.226241474297216,0
2,2981.4601485928733,3614.425621931763,103.73356631744096,0.8888888888888888,17,0,False,1.1364804680761673,0
6,3881.223249837766,5638.992933905668,39.91523358996693,0.7692307692307693,8,4,False,1.45919296312687,1
4,12890.554616860329,14596.139644347615,89.40873935380868,0.46875,17,0,False,1.2564105844907687,1
0,6648.0,9520.995393572392,999.0,1.0,9,5,False,1.4806076759089928,1
4,3764.6664242553657,5766.479909460648,23.681017179776383,0.4375,9,4,False,1.0555259693865835,0
6,8945.505751947247,14627.076027559666,-316.20304439122185,0.9107142857142857,14,0,True,1.1923294639861137,0
4,5504.432352105998,7046.5872229044135,22.0,0.8,19,5,False,1.0603244117037443,0
6,3241.9451005434985,7071.654877635107,22.0,0.8181818181818182,20,1,False,1.4530805429418028,0
6,10678.113600988814,16361.424384672307,-445.6124743276736,0.9,9,0,True,1.2747388746785449,0
4,5351.5413195564515,8133.709847729197,4.646236835703172,0.5,15,6,False,1.3965688554964122,0
8,5935.108463035467,11057.359066514819,-787.9351074861538,0.8181818181818182,22,2,True,1.323865084378956,0
4,2031.777224116067,2337.8875970405566,-62.85812876230341,0.2777777777777778,7,1,False,1.2426219678517367,1
0,2662.0,2775.697008358518,999.0,1.0,6,6,False,1.2364233329111751,1
0,8762.0,13193.748187006535,999.0,1.0,21,6,False,1.336878497555294,0
4,2453.2378711419215,2822.3095292919543,-193.85865429169894,0.2608695652173913,17,6,True,1.2084539161844654,1
8,9371.658803661157,13175.863608371124,10.0,0.873015873015873,17,1,False,1.0389316198200298,0
4,3915.8790925733197,4581.779058875672,58.98400985257212,0.7777777777777778,7,3,False,1.442707377944832,1
0,1757.0,2132.568355928638,999.0,1.0,16,5,False,1.272943265796137,1
6,4877.798391119395,6589.759809628531,44.0,0.7941176470588235,17,1,False,1.4644819489608056,1
4,4509.603696422631,5676.895335328228,49.54375617780053,0.6585365853658537,15,1,False,1.1238449235744234,0
0,2607.0,3108.3138052567447,999.0,1.0,14,6,False,1.0798145226260925,0
0,6452.0,9474.961732015867,999.0,1.0,15,5,False,1.4236210544062182,0
4,8266.40067054083,8770.658355054506,31.77294643567951,0.6666666666666666,9,0,False,1.1764584510841163,1
0,1098.0,2107.2812234050675,999.0,1.0,20,4,False,1.0849572246072379,0
0,5613.0,9106.466778547903,999.0,1.0,22,0,False,1.067030466447151,0
2,6283.327254015479,8624.69557155071,23.681017179776383,0.9285714285714286,6,5,False,1.4146801060405088,1
6,5474.093573347756,7221.638388994444,11.0,0.8064516129032258,17,1,False,1.2789764076873489,0
0,4712.0,7624.117899853693,999.0,1.0,18,0,False,1.4432072735857715,0
6,6283.918064129991,8902.088138242518,-464.92933663327847,0.575,11,0,True,1.42695243416615,1
0,5683.0,7990.951432338594,999.0,1.0,16,4,False,1.2110099606759315,0
4,7285.668029156427,10189.377707383834,31.77294643567951,0.7222222222222222,18,5,False,1.19981478063385,0
10,8624.289710014516,11099.90173662141,-383.1973307358261,0.5217391304347826,9,5,True,1.181475059922867,0
6,6611.638802136838,8964.67008317634,-16.644703304456847,0.7435897435897436,12,0,False,1.4417720073591862,1
4,6433.559795131799,9123.19735977904,-10.249763284353236,0.46808510638297873,15,4,False,1.4526003016184372,1
4,4873.739248460594,7690.7514683560885,84.0,0.8421052631578947,21,0,False,1.291050094841501,0
4,1741.3474425196553,2460.322347474349,38.0,0.7307692307692307,21,5,False,1.346533107116186,0
0,6771.0,11698.165333271756,999.0,1.0,14,2,False,1.1982835329889292,0
4,9976.199065591625,11334.083133465372,88.0,0.8064516129032258,22,1,False,1.0547095533605013,0
0,4409.0,5981.484024266494,999.0,1.0,6,5,False,1.2057302127724643,0
4,5962.667933562023,6673.491665388264,12.872026268890655,0.6666666666666666,6,5,True,1.1251890156728903,1
0,1632.0,2590.8835656369115,999.0,1.0,15,2,False,1.0369280768152165,0
6,3087.20207435937,3850.7532489146975,-28.142697623982826,0.4827586206896552,19,3,False,1.3607365001869618,1
8,7827.846817748365,9592.214327355536,22.0,0.5686274509803921,9,1,False,1.2881967568130617,1
0,6705.0,9677.607919424137,999.0,1.0,13,1,False,1.4522438764934353,1
0,2002.0,5404.1363067972225,999.0,1.0,9,4,False,1.4079120867080717,0
8,3957.586608044273,7515.633294503878,12.0,0.7941176470588235,8,5,False,1.0167679715796258,0
2,8303.099094196483,9766.821954968003,125.0,0.8333333333333334,17,0,False,1.306414440167184,1
0,4567.0,5531.386274608569,999.0,1.0,12,5,False,1.3758025396273899,1
6,10460.047165553815,15788.354184701966,-43.931933043999166,0.8809523809523809,14,3,False,1.3404592972346243,0
0,4630.0,6223.0982918684595,999.0,1.0,8,1,False,1.171967038997331,0
4,3376.668029156427,4339.122210903605,31.77294643567951,0.6153846153846154,17,6,False,1.2685919230986584,0
4,10289.341588369127,14046.116502761546,115.08631049858306,0.6538461538461539,21,1,False,1.29413436360064,0
4,6491.510541737856,9219.04836412123,-11.063982036719551,0.6190476190476191,11,5,False,1.3126102668577815,0
0,6689.0,9319.407205078374,999.0,1.0,12,1,False,1.361100274535455,0
6,4586.409506492815,6835.821065840999,10.0,0.782608695652174,8,1,False,1.1929267219409556,0
0,8004.0,11895.879389932976,999.0,1.0,15,3,False,1.3628489889719775,0
3,3608.8074634576515,3900.7326792061112,76.65470687443015,0.7142857142857143,15,3,False,1.0414176697165656,0
3,3938.7429376514347,4713.785306555066,126.0,0.68,17,6,False,1.0623309461758756,0
2,5885.852961142398,8304.326603454094,-589.1849925846229,0.9130434782608695,11,1,True,1.4952845168581272,1
6,3102.328167117019,3446.660875107974,39.91523358996693,0.25,22,3,False,1.3680499153667902,1
10,12015.3047638991,13255.11937496853,-113.35886296651623,0.6785714285714286,19,2,False,1.3264230677029973,1
0,7017.0,8839.632477549243,999.0,1.0,17,2,False,1.0473907176255122,0
0,6810.0,9148.685597216587,999.0,1.0,6,5,False,1.3048815334705086,0
0,4101.0,6630.086874086458,999.0,1.0,14,0,False,1.1157020023686297,0
4,5940.285639649672,11302.151164344765,-426.9604262599272,0.9344262295081968,7,3,True,1.3836940213731146,0
0,3443.0,7070.814898967303,999.0,1.0,20,4,False,1.1532536615615134,0
0,11045.0,15809.94802892321,999.0,1.0,6,4,False,1.3128755320450454,0
6,5127.113600988814,7581.737744549846,22.0,0.8333333333333334,19,0,False,1.3110052782905819,0
0,2842.0,4094.3144455291294,999.0,1.0,22,3,False,1.0976384673579824,0
2,2943.086310498583,4794.182691348598,115.08631049858306,0.8636363636363636,13,3,False,1.122561344334099,0
2,2967.76869632914,5190.399877242493,49.76869632914,0.9090909090909091,15,3,False,1.1010859111694065,0
0,4784.0,9338.109331957641,999.0,1.0,11,6,False,1.0280953173295884,0
4,3376.981860145975,4768.180302830731,-53.35115803069161,0.72,16,3,False,1.0799035809323587,0
10,6176.107336788833,8537.719847412825,12.0,0.8043478260869565,12,1,False,1.1316698099351976,0
2,7830.327254015479,15146.60791546799,23.681017179776383,0.9615384615384616,10,4,False,1.0342677577113606,0
4,4058.940258223708,5473.402336062303,77.63356068504112,0.75,6,1,False,1.4312991691732857,1
4,3719.306552687896,6404.57808130069,-288.9485495561832,0.8421052631578947,19,1,True,1.295799509650791,0
4,6313.2017802594155,10036.62019085244,64.89508272074761,0.6904761904761905,15,2,False,1.3027833478514772,0
6,9896.626924748733,10685.081883444094,22.0,0.14285714285714285,12,2,True,1.0212427119639573,0
6,3427.2545527916054,6753.248727956582,-240.96292556816266,0.7142857142857143,15,0,False,1.2713730370253922,0
0,7095.0,11799.151192498686,999.0,1.0,21,5,False,1.228746228022081,0
4,13604.554616860329,14826.24819510368,89.40873935380868,0.48484848484848486,10,5,False,1.192045121963518,1
8,5124.178952762559,6805.462022027311,-382.2305077163437,0.6571428571428571,15,2,True,1.2291187957806324,0
10,6154.66148576191,8482.610315458332,-626.445760988697,0.7837837837837838,20,5,True,1.3566104517606363,0
8,5856.237071933369,9337.415608863237,44.0,0.7333333333333333,14,5,False,1.31204139568818,0
4,4116.980704189738,5951.617125347948,10.0,0.8620689655172413,15,6,False,1.133579554387875,0
0,3427.0,5239.270993979977,999.0,1.0,10,4,False,1.2593671259301682,0
4,2938.005135434447,3850.424909105066,-127.89701100514654,0.5357142857142857,9,1,False,1.429754489081394,1
0,6736.0,8788.344332116885,999.0,1.0,14,4,False,1.1660029608897913,0
0,5795.0,9925.519582743264,999.0,1.0,15,0,False,1.1868928232913487,0
0,10188.0,15164.639922297598,999.0,1.0,10,1,False,1.4927452220133555,1
0,4406.0,5139.7846379237435,999.0,1.0,16,5,False,1.3974008708279093,1
7,7998.147017221063,11454.329038194455,5.629113224253257,0.7843137254901961,10,2,False,1.0529275122198778,0
6,15236.21035803433,16051.216798814034,44.0,0.5161290322580645,16,3,False,1.4040172369184294,1
10,5588.392679060078,9072.123397562562,-113.32965468067768,0.7567567567567568,16,5,False,1.1474654366438122,0
2,5568.327254015479,8284.236900253698,23.681017179776383,0.9459459459459459,7,0,False,1.2145772934325119,0
9,4480.738518998248,6067.555891765604,-64.86887727222208,0.6153846153846154,6,1,False,1.2467035362561563,0
4,2358.423785945167,3830.488682041275,77.0,0.7368421052631579,20,4,False,1.236614230021217,0
0,3303.0,5677.406848432606,999.0,1.0,18,0,False,1.1626401423812274,0
0,325.0,794.660402967777,999.0,1.0,16,0,False,1.2315070442801317,0
5,2064.7806924704487,2705.2054218585877,12.0,0.625,14,1,False,1.301767784802272,0
0,5931.0,6943.272330555141,999.0,1.0,17,6,False,1.1720899666090858,1
10,5347.293593443881,6731.270105054592,-41.627837616828245,0.813953488372093,6,2,False,1.2458926696710182,0
4,4341.955022965579,6161.410916341609,61.0,0.7714285714285715,12,3,False,1.382219170032399,0
2,5449.395578025631,11215.259246159452,25.0,0.9230769230769231,11,1,False,1.0448066506074536,0
0,5336.0,7906.868048771338,999.0,1.0,19,1,False,1.281809863136223,0
6,9153.985884716345,11324.558925013145,22.0,0.7037037037037037,16,0,False,1.110406638810225,0
8,8545.917645744415,9943.73638839324,-54.908777781465005,0.52,12,3,False,1.474773926449361,1
4,4362.317317416006,7948.641220048321,136.7265822754325,0.8958333333333334,17,3,False,1.0324314919768423,0
0,1911.0,2269.941394504974,999.0,1.0,16,4,False,1.08952211911079,0
0,3317.0,5740.87389266797,999.0,1.0,8,6,False,1.20720604815112,0
6,2216.667129228629,2216.667129228629,22.0,0.7,17,5,False,1.2931733972784492,1
0,4225.0,5808.134475211317,999.0,1.0,7,4,False,1.1254151070582255,0
2,5351.969705835858,9441.923285205601,77.80408332879904,0.9310344827586207,12,2,False,1.2326480103925672,0
3,4963.790485815296,6029.335773874004,64.89508272074761,0.631578947368421,17,2,False,1.3364629132765837,1
8,9417.700731719473,11939.350835999157,11.0,0.7777777777777778,10,4,False,1.4474836311222063,1
8,5001.47597782563,7863.804638070589,-537.9821488421526,0.5952380952380952,19,6,True,1.081471327480099,0
10,11076.487652628079,11621.499565700004,-523.0119130719256,0.4117647058823529,11,2,True,1.3175735302113778,1
8,11024.845606386783,14289.541919444091,12.0,0.5277777777777778,14,5,True,1.350661261682619,1
3,822.0345847741569,835.4471111183962,3.0,0.5555555555555556,16,0,False,1.2457508260219434,1
10,5079.189575696366,7139.556616816064,1.0368970739311472,0.6595744680851063,9,1,False,1.169082333048559,0
8,2872.8316224260857,3787.169707304164,-192.86867437309058,0.45161290322580644,10,5,False,1.1414144834818545,0
3,507.1457000915069,646.4994356782138,48.304018421334206,0.5,12,4,False,1.3831009160546603,1
4,4248.266729598939,6007.845227810881,-1311.0198601450995,0.6666666666666666,20,0,True,1.0075866621641894,0
8,8092.905740527322,9302.988379631139,-414.53001609517366,0.23809523809523808,17,3,True,1.0207638125914342,0
2,2896.2321889987675,4370.115152984094,0.23218899876755264,0.8846153846153846,7,3,False,1.037734703382937,0
5,5186.194101242147,6501.100600085318,-905.8618738389877,0.3448275862068966,8,5,True,1.1154416306412147,0
2,9675.621664996179,13336.96990238441,64.89508272074761,0.9583333333333334,12,1,False,1.173505244542141,0
1,1401.5733460629074,2231.9019495311127,100.08305905175972,0.8666666666666667,9,1,False,1.2010827078204498,0
0,12037.0,15046.710653837918,999.0,1.0,20,0,False,1.1719405543945478,0
6,7417.288648960486,10612.346509092622,-385.14094178783444,0.75,11,6,True,1.4484227701377228,1
2,4454.460148592873,7822.461568515286,-267.8813428619702,0.9487179487179487,15,2,True,1.1959590459975125,0
4,2284.0427669399423,2328.263036815524,12.872026268890655,0.6,14,6,False,1.0911960139313608,1
8,6622.250154255458,9656.191214803037,-21.754583831751006,0.6458333333333334,9,6,False,1.0144706608667802,0
4,3615.104215267658,6094.164252502903,0.23218899876755264,0.6388888888888888,16,3,False,1.3023221003192453,0
4,1627.646399413883,1724.3283505450856,72.21184522015233,0.35714285714285715,20,6,False,1.3832329975817714,1
4,10438.224281594372,10785.757437492157,66.62772410515086,0.5833333333333334,11,2,False,1.108345349277467,1
0,2291.0,3474.628588926031,999.0,1.0,13,1,False,1.4340239011942209,0
6,6411.813146850738,9356.52348779114,-52.398620558917884,0.76,20,3,False,1.1351677883308722,0
6,3134.1212142749177,5884.289548136476,-185.71330239827108,0.64,9,0,False,1.0885155698662539,0
3,4043.9628076784734,5527.875582344032,125.37207253790066,0.5,19,5,False,1.382584572627801,1
4,2627.0071098956037,3480.0442629800614,-137.1691444598124,0.8387096774193549,21,4,False,1.0826506776408233,0
0,2925.0,5163.80647971543,999.0,1.0,12,5,False,1.4981657141166482,0
0,3042.0,5484.846507803636,999.0,1.0,15,1,False,1.0902227901052446,0
2,2174.6286490381885,3474.192258555809,103.73356631744096,0.875,22,5,False,1.2855097368373025,0
6,7105.886247383472,8830.301704714891,-44.562204306966954,0.8181818181818182,9,6,False,1.2400412672695205,0
4,2545.294727283279,3537.601596873498,-177.29040348607305,0.75,8,2,False,1.1799988807886261,0
0,6034.0,8073.073211083662,999.0,1.0,21,4,False,1.077037839287514,0
3,1570.3398888622376,1796.3848726051235,64.89508272074761,0.5,18,4,False,1.2478673394296615,1
6,5466.976352307963,6849.339102744689,44.0,0.6,19,0,False,1.4682265107575931,1
0,4733.0,6512.491093062818,999.0,1.0,14,6,False,1.4340205137266075,1
0,10778.0,15944.802915832468,999.0,1.0,15,5,False,1.459620751524413,0
2,2390.4485887715023,4414.172296188204,74.0,0.9285714285714286,13,2,False,1.1132474384385387,0
0,6123.0,9457.50577314795,999.0,1.0,21,6,False,1.4702054431730394,0
0,1985.0,2835.8574276408463,999.0,1.0,14,5,False,1.3060658766544266,0
0,4222.0,5532.645593447855,999.0,1.0,7,4,False,1.0586373172639878,0
4,966.9587252957643,1258.121827536581,48.304018421334206,0.5,14,6,False,1.0461793391928071,0
0,6028.0,8423.94807253022,999.0,1.0,16,5,False,1.2526689364137258,0
0,8341.0,13603.420845505303,999.0,1.0,22,5,False,1.264797010798874,0
8,5217.18498215195,5574.821667744355,10.0,0.5,14,1,False,1.1189984361397176,1
6,4943.067552298022,5866.379169377394,22.0,0.71875,15,6,False,1.2477173471465537,1
6,9129.627060894158,9306.428377496844,-14.536750902128098,0.4444444444444444,11,2,False,1.2311818311983331,1
0,5649.0,8920.210595649512,999.0,1.0,17,4,False,1.499850661350017,0
6,7969.674252392562,12550.447156433254,12.0,0.9056603773584906,12,0,False,1.033650515778555,0
7,2309.172654848153,3076.9776686666055,22.0,0.2,7,1,False,1.0976965487038144,0
2,819.3468690200018,819.3468690200018,88.0,0.0,20,0,False,1.1410593431562057,1
0,1773.0,4150.489245947918,999.0,1.0,14,2,False,1.0027013120641837,0
0,5574.0,9672.23120884366,999.0,1.0,10,3,False,1.2322295859483348,0
0,2760.0,5089.445071968346,999.0,1.0,11,6,False,1.0489216505409755,0
6,5634.860526631097,8419.848340214945,12.0,0.8958333333333334,18,2,False,1.3654641760226311,0
6,4493.409506492815,7269.833720708069,10.0,0.7916666666666666,10,1,False,1.1652963966007357,0
0,4039.0,7676.945680003915,999.0,1.0,21,4,False,1.3434328946735232,0
2,6794.62166499618,8854.364660450701,64.89508272074761,0.9259259259259259,14,2,False,1.4764548436405773,1
0,7209.0,11586.424133328786,999.0,1.0,6,0,False,1.3146231961510155,0
0,5593.0,8317.796639682741,999.0,1.0,18,0,False,1.197093054421721,0
0,4349.0,5296.173369688743,999.0,1.0,16,5,False,1.0327884359805066,0
0,2729.0,4146.846128079919,999.0,1.0,19,2,False,1.2980697116849804,0
0,6435.0,10101.584066298465,999.0,1.0,15,0,False,1.3260122255538618,0
2,6759.628649038188,8221.266161335061,103.73356631744096,0.9393939393939394,16,6,False,1.2342967536868132,1
10,6589.970676256815,9050.571837679048,-138.35395363915887,0.7567567567567568,18,2,False,1.0461536345985443,0
2,6425.327254015479,8778.85494840298,23.681017179776383,0.9411764705882353,12,5,False,1.38474481778637,1
7,2600.257301482957,3286.391121483667,-167.4538084953486,0.42105263157894735,6,3,False,1.0265001337001634,0
4,1930.7693724147307,2335.784502436477,54.57952236080494,0.5333333333333333,10,4,False,1.0226620533245496,0
0,2037.0,3444.958729206496,999.0,1.0,13,2,False,1.3483998211651729,0
4,2176.588400807163,2743.6174540711454,0.23218899876755264,0.47058823529411764,9,5,False,1.2116491993268215,0
4,4030.284317396453,6931.459798663359,4.646236835703172,0.5483870967741935,21,3,False,1.2030005186200434,0
6,3452.0675522980223,3751.3964635401726,22.0,0.5263157894736842,11,2,False,1.260441594302735,1
4,8464.317317416006,12573.778874202377,136.7265822754325,0.9107142857142857,22,6,False,1.1604231435926753,0
4,8156.301874251432,8385.607384531304,82.0,0.5263157894736842,20,3,False,1.069301405656527,1
10,5467.605225767664,7304.516997928935,-63.202229153750864,0.5476190476190477,16,2,False,1.441296988772986,1
0,3577.0,4886.781070930238,999.0,1.0,6,2,False,1.346335219877374,0
0,2801.0,4222.817166178183,999.0,1.0,15,0,False,1.4439616049687536,0
4,14280.675468952748,17345.368668345378,-284.4056009694666,0.8620689655172413,17,5,True,1.4811315055635559,1
0,2697.0,4283.879337300398,999.0,1.0,7,2,False,1.4820701806739653,0
0,2340.0,2698.902330036053,999.0,1.0,22,2,False,1.1545098809782373,1
4,3951.051245242874,4377.610113663839,22.719155117406657,0.1935483870967742,17,3,False,1.0588874181289958,0
4,9561.619552578552,10319.59001421817,-52.25132069661731,0.25,14,3,False,1.001461329063453,0
8,5656.547811631719,8198.52434010415,22.0,0.7857142857142857,11,2,False,1.3731101372274985,0
4,9936.76888627969,12231.644926345572,49.54375617780053,0.6060606060606061,14,3,False,1.3678967786452632,1
0,2762.0,4287.0044149234,999.0,1.0,21,1,False,1.0330089291499462,0
0,4831.0,5946.702811123467,999.0,1.0,14,0,False,1.1656604564039539,0
6,8927.717746938157,14305.886839890349,11.0,0.875,21,4,False,1.2366848247950448,0
4,4080.0687476612884,6566.564991637084,-208.33784209108734,0.5294117647058824,8,6,True,1.0693933894806902,0
1,9612.45302933878,9612.45302933878,4500.0,0.5,6,0,False,1.0133511362250087,1
10,6122.236845104484,7718.838881454989,-315.7781639797323,0.7804878048780488,17,1,True,1.2480344943714023,0
4,4527.875705969377,6368.078760323851,-515.1788507280936,0.7894736842105263,18,0,True,1.1947504112956526,0
4,5157.850085058617,6502.648860456222,66.04257097331808,0.918918918918919,19,0,False,1.0908326318276367,0
6,3265.667268350554,5314.428034523011,44.0,0.7727272727272727,16,2,False,1.111134305500372,0
2,7249.276934393203,10223.668722329916,68.63808056074974,0.9655172413793104,11,3,False,1.439183011881383,1
1,1062.1937176689491,1217.9887085371415,229.1937176689492,0.0,6,6,False,1.0460878681089305,0
2,3702.6216649961802,6710.155118630593,51.14642558899378,0.9259259259259259,16,3,False,1.0896027814752811,0
0,2298.0,2935.082143460432,999.0,1.0,10,2,False,1.2573277786089283,0
0,4698.0,7025.13369527558,999.0,1.0,22,5,False,1.4298416641106377,0
8,5696.336515352545,7338.080545616966,-105.13209490078953,0.7647058823529411,9,2,False,1.4684754484675961,1
6,13834.011233260373,14770.887473041803,-35.66185731596034,0.782608695652174,7,2,False,1.3909635559402491,1
4,2021.633311784987,2430.3033243378727,48.304018421334206,0.6666666666666666,11,0,False,1.2041814757176221,1
6,7324.9451005434985,11608.997607151865,10.0,0.8909090909090909,10,6,False,1.216836091618079,0
4,5206.255944557078,7245.395228588615,80.0,0.6285714285714286,14,0,False,1.4162832034409276,1
0,3478.0,4444.91080517507,999.0,1.0,12,2,False,1.4200349942863137,1
1,690.017278878873,806.2089629994387,144.01727887887296,0.0,21,4,False,1.2043676010450026,1
6,10908.047165553815,16432.0951857156,-276.41095595476725,0.9152542372881356,10,0,False,1.145698570237846,0
0,11365.0,17568.051906799734,999.0,1.0,18,3,False,1.1876834682430684,0
4,6298.224376084401,7769.698314796004,-361.014919877311,0.8648648648648649,15,1,True,1.3719068526714493,1
8,3451.547811631719,4890.760339612588,-287.2274619949218,0.6538461538461539,9,0,True,1.1819815971190815,0
6,7551.985884716344,9602.826069733574,-79.8346351799418,0.6521739130434783,6,6,False,1.40416214081965,1
6,1573.544464449829,2606.2653390548176,2.0,0.7391304347826086,16,3,False,1.0852704364353742,0
8,4297.535536967807,6961.008087309767,-383.5717573824403,0.3611111111111111,14,5,True,1.067929351871334,0
5,2576.667268350554,3976.5841578254417,44.0,0.7368421052631579,19,6,False,1.3307544505297133,0
6,2979.784407257547,5401.920676858385,10.0,0.7142857142857143,22,6,False,1.1059172805790602,0
8,7323.547473760644,10440.019047638949,12.0,0.625,17,4,False,1.02059677279392,0
6,1767.02886534502,2895.8234237679426,-378.4172277167753,0.5333333333333333,18,2,True,1.3892685492466148,0
0,2969.0,3538.0494124070196,999.0,1.0,10,0,False,1.079424172495981,0
8,7857.5586663504855,9555.269803476716,11.0,0.7948717948717948,19,1,False,1.04427358653602,0
0,8043.0,12624.080876889278,999.0,1.0,15,0,False,1.3816650762558753,0
0,7257.0,9622.750089978848,999.0,1.0,14,6,False,1.1685902688111007,0
4,4999.033027779507,6908.25845860504,4.646236835703172,0.71875,7,2,False,1.0300757432120065,0
10,7695.970676256815,10264.029201281719,11.0,0.8,22,0,False,1.2584004240991744,0
2,10316.621664996179,15399.796137048565,64.89508272074761,0.9722222222222222,20,2,False,1.2982993714941993,0
5,4859.151204324894,7976.161760491896,39.91523358996693,0.56,14,6,False,1.326821024022581,0
10,10240.187785423794,15636.855335298564,-44.081835785445264,0.7142857142857143,11,2,False,1.4403550910128287,0
0,5391.0,10757.230414596073,999.0,1.0,20,4,False,1.441183955258969,0
0,2010.0,2577.326576451136,999.0,1.0,17,0,False,1.065803299952552,0
4,4222.313081321981,5523.269248276131,9.76676473812699,0.8666666666666667,14,2,False,1.125936933215858,0
0,4634.0,5408.829490464137,999.0,1.0,20,6,False,1.4973249972834228,1
10,3652.0834885651725,4202.598604061237,11.0,0.6521739130434783,13,0,False,1.3112540741332341,1
10,6407.404888410554,7857.0174762807565,10.0,0.7857142857142857,22,4,False,1.4285162113646677,1
10,7147.187785423795,10396.494637124615,-627.49373121699,0.5652173913043478,22,5,True,1.3396611557745606,0
6,11864.59431139701,12423.205673152912,39.91523358996693,0.6666666666666666,22,1,False,1.3523400275481268,1
6,9568.717746938157,12233.695436954553,-312.97868116253926,0.8461538461538461,8,6,True,1.1395333344405898,0
4,4652.900764863902,5592.118355211306,64.89508272074761,0.7931034482758621,16,4,False,1.188351220703326,0
8,7311.869339657191,11921.933158590084,-403.1630139284855,0.5531914893617021,16,5,True,1.3589973415526055,0
8,5226.030543926166,7690.775114478324,10.0,0.7804878048780488,13,6,False,1.156318081057067,0
10,5873.791722224858,8864.339108789167,-56.82809620337649,0.7346938775510204,6,1,False,1.131962972870015,0
0,4798.0,6784.76482577856,999.0,1.0,14,4,False,1.438908248637287,1
0,5720.0,9002.137829252624,999.0,1.0,18,6,False,1.161117257172743,0
6,3869.7564913000947,5967.674957744583,12.0,0.6756756756756757,22,2,False,1.3230928001129767,0
6,3698.679464641349,5159.600577461403,-8.120600830026916,0.5384615384615384,9,0,False,1.3728888328341968,0
6,7268.667268350554,9679.009266339497,44.0,0.8888888888888888,17,3,False,1.1991780270918422,0
0,6147.0,7883.08529077786,999.0,1.0,13,5,False,1.042595914430703,0
4,7033.48581786132,9046.036511487839,64.89508272074761,0.8648648648648649,13,0,False,1.1516132952273466,0
8,6391.096956110927,8270.29738675642,-2.1017469831744506,0.825,8,6,False,1.4450641483147957,1
4,7213.941222296264,9083.415900022366,44.0,0.9130434782608695,18,5,False,1.1717399564596884,0
8,3267.5955167498514,3805.4321782515144,22.0,0.28,20,2,False,1.4834378721256,1
0,888.0,1244.9200933560585,999.0,1.0,9,4,False,1.0719659896861407,0
6,7670.0038807282235,11164.353452459203,12.0,0.7619047619047619,21,4,False,1.0190262276211228,0
8,6918.508799270563,9865.639735482124,-1283.5634804234408,0.7058823529411765,13,5,True,1.0677886062349775,0
4,6679.880489796336,9948.989141279388,-166.7276245119219,0.8823529411764706,6,0,False,1.4259092596622696,0
2,12175.983935913548,14758.481800950318,3.0,0.9411764705882353,8,3,False,1.2878335299241441,1
4,5848.454140094987,8404.752224487613,-120.05928068801163,0.8974358974358975,19,4,False,1.0015722493885437,0
3,3644.4150677327207,4165.92574936277,59.0,0.6190476190476191,9,4,False,1.387592143613304,1
6,6853.813146850739,8671.51728196892,-645.9064729382035,0.7073170731707317,22,1,True,1.1167436086535942,0
8,3774.955012102392,6393.796983558676,-18.136677300762983,0.6785714285714286,18,1,False,1.063848920753488,0
0,6353.0,10044.801494182828,999.0,1.0,8,2,False,1.2348688782783452,0
6,6179.457149405802,8024.29093495534,-171.45848605511503,0.5789473684210527,22,2,False,1.3785502640089804,1
6,7953.172381173539,10588.209397112869,12.0,0.7435897435897436,14,1,False,1.3538616595326645,1
4,1825.7175761700132,2425.1780617866048,-21.47036014812508,0.7333333333333333,8,4,False,1.1196866071499685,0
0,5827.0,10850.464726841605,999.0,1.0,12,6,False,1.1592979291159882,0
5,5333.846598291618,8008.123753215045,11.0,0.7931034482758621,21,2,False,1.1231577855634485,0
3,1826.5185964684674,3450.7299790863067,-339.7937774032272,0.7894736842105263,6,3,True,1.3221418937776805,0
6,4382.817384271029,6502.102270549578,22.0,0.6097560975609756,20,0,False,1.0114575627038895,0
0,835.0,1112.685567153881,999.0,1.0,16,2,False,1.2357409548930227,0
6,2266.915403055991,2489.7305042013013,22.0,0.3181818181818182,16,1,False,1.3972519986648866,1
4,1955.0586724009,2478.729727918797,79.0,0.65,10,6,False,1.2193725793839043,0
10,6026.807364262095,7612.027493611665,0.23218899876755264,0.6808510638297872,15,2,False,1.482265875341475,1
10,5462.143243123452,6670.9095139176225,10.0,0.39473684210526316,12,4,False,1.214090699777365,0
6,4958.040089977458,8276.701335971911,-63.68979081171054,0.825,7,0,False,1.4992975583363033,0
8,5396.831622426085,7283.040371265972,-700.111262834757,0.5853658536585366,9,3,True,1.066244719289885,0
0,3149.0,4062.027586563738,999.0,1.0,15,3,False,1.4557905974098384,1
8,5436.881443406417,6255.383492164334,3.0,0.39473684210526316,11,5,False,1.3577347774997905,1
4,9639.050555219208,10987.161537964343,39.91523358996693,0.1875,9,6,True,1.102327635542814,0
0,4225.0,5546.646461705291,999.0,1.0,19,1,False,1.4612205125200926,1
6,2483.618997619071,3672.2877118554043,11.0,0.6428571428571429,21,4,False,1.005942884341555,0
4,3031.5191228783415,3936.1349049060564,-270.3454601719471,0.8260869565217391,22,1,False,1.2790788077441082,0
4,2958.285639649672,3724.0969158536645,-51.0267924526914,0.8260869565217391,14,4,False,1.183464060986234,0
8,10855.108463035467,14690.011435554698,-75.38607255572879,0.8974358974358975,15,0,False,1.1781691984922056,0
8,5573.40614660583,5820.594335256637,11.0,0.75,15,4,False,1.0903446740699625,1
4,5482.124249356419,8406.384949940104,4.646236835703172,0.7,9,5,False,1.2691335245735231,0
8,9072.725180363534,13318.115597890219,-676.0292602873269,0.6111111111111112,15,3,True,1.2060337164002322,0
4,10817.061063389956,11749.87140907891,64.89508272074761,0.6923076923076923,18,2,False,1.2815468926892397,1
4,3146.9888441879834,4465.753637819613,14.686244057250036,0.65,21,3,False,1.397175115459921,0
8,2718.658803661157,3889.4234643801674,-73.03577954856327,0.6,8,4,False,1.1529852744300413,0
4,1661.17573020699,1764.9983444677773,22.0,0.38461538461538464,22,6,False,1.035071986140384,0
0,2380.0,3413.389939676779,999.0,1.0,17,0,False,1.1240870412048114,0
0,10216.0,18014.454567294564,999.0,1.0,22,3,False,1.0919240893995164,0
0,5350.0,7005.608334183873,999.0,1.0,17,1,False,1.2426828684391862,0
5,2146.179033514728,2536.508699138817,22.0,0.625,18,5,False,1.3952249687683826,1
4,6571.9586964193295,7646.138709478169,-149.20455287104016,0.7307692307692307,6,5,False,1.105959599642208,0
0,6156.0,11154.442758571808,999.0,1.0,15,0,False,1.0794722971087414,0
0,8567.0,9652.927472284035,999.0,1.0,9,4,False,1.1072179872773864,0
4,2406.7570698121735,3896.994247956458,14.03399666956561,0.4782608695652174,7,6,False,1.1925600236462555,0
6,14015.208681957121,15355.351312581533,44.0,0.8387096774193549,10,4,False,1.4627267155919814,1
2,10589.621664996179,14904.66365414952,64.89508272074761,0.96875,11,0,False,1.436718762717779,1
4,6442.0586724009,10790.291923414456,79.0,0.851063829787234,18,3,True,1.1499656127543458,0
0,10051.0,14878.414444301285,999.0,1.0,18,0,False,1.1968313294461441,0
5,5107.165632049321,5241.771668803032,22.0,0.3448275862068966,7,3,False,1.0095007871308956,0
10,12292.970676256815,17049.38426959039,-483.3653332749145,0.8571428571428571,12,6,True,1.3827623931408994,0
2,2215.6286490381885,4310.37232704847,103.73356631744096,0.9047619047619048,14,1,False,1.410535204358109,0
4,8482.50696850743,11773.106971626907,-33.31381492895066,0.8260869565217391,18,3,False,1.345963090695316,0
4,7028.48581786132,11391.554340292592,64.89508272074761,0.8809523809523809,6,1,False,1.4168457272679842,0
4,6968.140914052257,8642.319190291557,74.0,0.8709677419354839,7,4,False,1.1036942953212414,0
0,2031.0,3961.8919729102427,999.0,1.0,14,4,False,1.485452939343017,0
6,11608.113600988814,14765.644147132563,-34.60531615658668,0.8983050847457628,22,1,False,1.185362900738538,0
0,4272.0,8829.96902149665,999.0,1.0,17,2,False,1.070012540673763,0
0,2553.0,4582.309940361532,999.0,1.0,19,1,False,1.2502073710924122,0
0,5733.0,6911.946849357024,999.0,1.0,9,2,False,1.4735708250369919,1
2,10171.714034603734,11872.412278790984,115.08631049858306,0.8571428571428571,8,6,False,1.3099027474921379,1
4,2401.5657484731987,2826.029400520553,64.89508272074761,0.5294117647058824,7,0,False,1.1242338618858703,0
4,3414.2703384532333,6017.986615420099,49.54375617780053,0.813953488372093,9,6,False,1.4081748088862964,0
8,14001.294810004067,16653.886507548857,10.0,0.8157894736842105,13,0,False,1.4558779476093942,1
2,1026.7265822754325,1026.7265822754325,10.0,0.35714285714285715,19,2,False,1.2849669984458187,1
4,9044.605879334553,14657.613685583376,-84.50688707720235,0.9354838709677419,22,6,True,1.2324467863752249,0
2,11465.714034603734,13150.018767467416,66.62772410515086,0.9333333333333333,11,3,False,1.014042255620068,0
4,1942.2638516606821,4090.707500006371,-240.1693161838217,0.8461538461538461,17,2,False,1.4976955343720857,0
8,5221.630926301971,8660.996393866584,-639.4962189758761,0.6521739130434783,15,3,True,1.032345815389795,0
0,5257.0,7416.729956558612,999.0,1.0,10,3,False,1.3616318496481206,0
0,3072.0,4441.783628101229,999.0,1.0,11,4,False,1.1776407211558784,0
0,2292.0,3507.359624277157,999.0,1.0,12,5,False,1.4145937720759567,0
4,2842.437378889237,5462.688789177474,-8.962845956576924,0.8620689655172413,7,5,False,1.3015737775671345,0
0,3787.0,5281.881243451442,999.0,1.0,16,1,False,1.311061926776539,0
0,3705.0,6317.036327122269,999.0,1.0,17,3,False,1.3624962004663106,0
4,2994.0628596810934,3561.069741157219,-194.46478616214495,0.7368421052631579,9,2,False,1.0868010992790362,0
0,7980.0,13175.761777523965,999.0,1.0,15,2,False,1.2646968011726147,0
8,5668.540881958947,8326.161036001742,-71.46630948381525,0.6304347826086957,9,4,False,1.0496281738507018,0
3,1265.1613420824167,1755.177108439669,11.0,0.6363636363636364,17,5,False,1.3782146698254323,0
6,2223.9906146388216,3220.3153587035904,-135.34768664915188,0.7391304347826086,6,5,False,1.2271331088543656,0
0,1590.0,4126.519709307751,999.0,1.0,11,4,False,1.2691456946725825,0
0,7621.0,10165.341549978308,999.0,1.0,7,5,False,1.4679359267673682,1
10,15226.512089863383,17457.35793561557,11.0,0.6538461538461539,13,5,False,1.3713035082480938,1
8,6750.508799270563,10019.940008544283,0.23218899876755264,0.7,14,5,False,1.4851965517215322,1
0,4280.0,6985.045866330664,999.0,1.0,6,5,False,1.0775250253192519,0
6,8190.288648960486,12217.821975375902,6.13885045098569,0.7241379310344828,14,2,False,1.0402083795620076,0
7,2683.6291137252706,3006.518551689415,10.0,0.4782608695652174,14,2,False,1.2469367445317112,1
4,6040.440994227463,11575.48261884028,-174.10289461550173,0.8,13,4,True,1.033856888335376,0
0,1638.0,2641.2665800873738,999.0,1.0,14,6,False,1.1822390079106517,0
8,14169.545562785406,18563.773602259782,11.0,0.82,10,1,False,1.3653879927314565,1
5,1774.0627162430008,2891.24295996617,-281.97668699711403,0.3076923076923077,13,6,True,1.4718380007726648,0
0,4995.0,7360.033508351482,999.0,1.0,7,2,False,1.215921443918623,0
8,5238.088703515975,6776.912301123177,11.0,0.7692307692307693,19,2,False,1.4659532968108977,1
6,6851.674252392562,10774.042805525183,12.0,0.8275862068965517,10,4,False,1.246276187648243,0
3,2313.130314789485,3925.0211252732825,-10.902889771423673,0.36363636363636365,11,2,False,1.266977297359296,0
0,2178.0,3206.8265098417564,999.0,1.0,22,2,False,1.4856124496250847,1
6,6180.615882407536,8318.674073397357,11.0,0.8837209302325582,22,0,False,1.0940001517955151,0
4,1899.9548642730965,2693.1814527517136,49.85025908689087,0.8235294117647058,21,2,False,1.182026868693026,0
10,6817.60546556981,11138.320959978317,-141.4175113824429,0.7307692307692307,8,0,False,1.0314044972278678,0
6,10477.505751947247,16383.417267531353,-267.87846980753136,0.9444444444444444,14,0,True,1.192397826175537,0
4,4433.614237838154,4808.861867518712,22.719155117406657,0.3548387096774194,11,5,False,1.2849394735911301,1
0,2258.0,4195.7948132986985,999.0,1.0,6,6,False,1.357743217107466,0
6,7773.093573347755,11340.362730905481,11.0,0.8666666666666667,22,0,False,1.3281935205048088,0
3,5677.224414337767,7665.557185636225,79.0,0.813953488372093,11,5,False,1.2527539427921683,0
0,5416.0,9273.495618387271,999.0,1.0,10,1,False,1.2183647697485953,0
10,7074.143243123452,8942.234946487933,-345.49668096375774,0.46511627906976744,10,2,True,1.336441214051061,1
6,6441.813146850738,7741.134704830645,-177.88332646852703,0.6129032258064516,11,4,False,1.2339873241014496,1
0,5750.0,9593.913718899752,999.0,1.0,19,1,False,1.2008821442197073,0
0,5497.0,8341.53201703414,999.0,1.0,14,4,False,1.0380268547391769,0
6,5002.985884716345,6109.612384880255,-37.51860943573602,0.5294117647058824,16,6,False,1.1476578953961047,0
0,3117.0,6174.598726420002,999.0,1.0,12,3,False,1.0453236786411513,0
0,6497.0,9575.31854175038,999.0,1.0,6,0,False,1.3828006177354746,0
4,2383.9412222962637,3958.4971058830324,-84.02371489294234,0.8095238095238095,19,6,False,1.4549729897882269,0
3,6121.120212822637,7813.175357715896,-161.76945580431078,0.65,7,4,False,1.2708856657447107,0
0,4761.0,7245.855971760213,999.0,1.0,6,6,False,1.1149894208968407,0
6,5228.520801459487,6473.752974969983,10.0,0.7391304347826086,11,1,False,1.0611354670611062,0
4,2605.670749778143,3731.6086635702027,74.13267905575198,0.65,17,5,False,1.0368185359780486,0
0,3251.0,5075.022467904072,999.0,1.0,9,5,False,1.1637090979139142,0
4,8675.485817861321,13336.594820391276,64.89508272074761,0.9,8,6,False,1.4197659493780908,0
0,4383.0,5689.5297718580805,999.0,1.0,9,6,False,1.480007449077269,1
0,5321.0,8974.653964488733,999.0,1.0,15,3,False,1.0695888719756312,0
3,1784.6919407570635,2214.5230005203166,49.85025908689087,0.13333333333333333,21,3,False,1.3325062947255935,1
4,5803.437378889237,14000.455636621136,-177.5646230644344,0.9259259259259259,10,6,True,1.0950297400549185,0
10,6197.1106062326635,10287.32200088109,-99.05279119009879,0.8095238095238095,17,6,False,1.3228682989668086,0
8,5454.420985537214,7343.429569876587,-142.68336617189357,0.6666666666666666,20,0,True,1.035043778086429,0
0,5878.0,7594.558950556029,999.0,1.0,17,3,False,1.459068585748264,1
2,3876.6216649961802,5354.665485587466,64.89508272074761,0.8888888888888888,17,6,False,1.3072364419438587,0
0,6248.0,12338.808926223888,999.0,1.0,19,2,False,1.1917514109323784,0
3,2566.193023773398,3707.7790076203078,64.89508272074761,0.7619047619047619,16,1,False,1.1416025675317591,0
4,1467.3244318123693,2273.765544467765,68.63808056074974,0.7333333333333333,17,6,False,1.2536133835794994,0
2,7413.327254015479,10758.292606590561,23.681017179776383,0.96,7,4,False,1.1036308277796083,0
0,5091.0,7089.145606519976,999.0,1.0,11,4,False,1.4533403342466884,1
4,4277.339782461085,5888.914449798927,88.0,0.6764705882352942,19,0,False,1.3837675046331752,1
4,2351.878541654977,3699.4177402468413,36.0,0.5217391304347826,21,2,False,1.363628163960397,0
8,6781.40614660583,9863.957281344028,-75.44378375887779,0.7837837837837838,17,1,False,1.2482518025846856,0
6,3698.608050010166,5266.342816593206,10.0,0.8,12,0,False,1.4474101105469792,1
2,3291.6286490381885,8254.649515887915,103.73356631744096,0.9354838709677419,18,4,False,1.4944833449996304,0
4,5075.644551291468,6314.031117049486,87.84590727370347,0.8,8,0,False,1.0406209297913154,0
8,9831.16298812399,13109.336702319733,-22.605640148737436,0.8787878787878788,17,1,False,1.4421294853199993,1
0,4747.0,7663.33834394361,999.0,1.0,22,1,False,1.141824358423914,0
0,8665.0,13241.033972217829,999.0,1.0,11,2,False,1.192687150440003,0
4,7968.949102111668,10217.170678894478,64.89508272074761,0.8,18,6,False,1.1984750194999496,0
0,6272.0,8365.600435286822,999.0,1.0,11,4,False,1.1218465418819175,0
4,3281.0974853391467,5988.512148064443,76.3639190217059,0.7931034482758621,20,4,False,1.4076099827159698,0
6,3535.796683787651,4941.54699570906,39.91523358996693,0.6521739130434783,8,1,False,1.261971832236004,0
0,5450.0,8342.708084803457,999.0,1.0,18,3,False,1.4650095483027212,0
6,14187.784187476129,15487.186864374891,-199.2898095998452,0.7,8,5,False,1.329388755504941,1
8,5907.061280562512,9084.274841012055,-193.4457005534977,0.4444444444444444,16,0,False,1.3790278037659376,0
2,6719.621664996181,8990.334940155319,64.89508272074761,0.92,18,2,False,1.016424327292532,0
8,6162.686760459131,10349.41770689289,0.23218899876755264,0.5384615384615384,12,4,False,1.1243985853724583,0
8,4776.66938256078,7436.672698065084,-546.9465486094866,0.8,18,0,True,1.2475886426878264,0
6,2804.0000202414044,3521.8035095456585,9.646552249603806,0.6818181818181818,22,2,False,1.2929865154821683,1
8,3754.232741581159,5597.292569714291,-364.8759761317298,0.6756756756756757,8,6,True,1.4926438840193956,1
2,404.73356631744093,1023.4207938611485,84.0,0.875,13,5,False,1.3704634653928307,0
4,8173.657379690846,9206.78175717558,79.0,0.375,6,4,True,1.1514514812017027,1
2,3918.330773117456,5814.89696426335,44.0,0.8888888888888888,15,1,False,1.0531034646045734,0
4,7116.499528711112,9820.895732416737,-38.44385791640897,0.8611111111111112,17,5,False,1.0696592193821204,0
2,5707.628649038188,8226.883035466582,103.73356631744096,0.9354838709677419,11,1,False,1.115265301548588,0
4,2434.4465689585722,2939.825494788137,25.0,0.8125,19,4,False,1.2437307446056203,1
2,3559.548794275008,5923.015348199685,-56.347966359107645,0.9259259259259259,7,4,False,1.0828001853236509,0
4,4249.220255834763,5840.671363299198,63.91355829609498,0.5384615384615384,10,2,False,1.3883294649685214,1
0,2496.0,5133.135337720154,999.0,1.0,10,2,False,1.099859184425111,0
8,8194.85084884063,9547.959968406609,-288.8456837130329,0.5925925925925926,20,6,False,1.306316790667843,1
0,5768.0,8010.663362950506,999.0,1.0,13,4,False,1.3793292109555508,0
4,1949.0628596810936,4717.567911447409,82.0,0.8214285714285714,22,5,False,1.1659557510640606,0
2,6460.460148592873,13306.826807405412,10.0,0.9682539682539683,15,2,False,1.4096505277879663,0
8,3103.096956110927,7546.236924899578,-315.4054219062119,0.7083333333333334,21,0,True,1.3467333864071906,0
1,1754.895952409698,1856.3029252160356,3.0,0.8181818181818182,19,3,False,1.277445196820268,1
3,3693.9406510879553,6352.791250744446,99.3562118083955,0.6666666666666666,18,4,False,1.207900586592485,0
0,9851.0,12351.813468767814,999.0,1.0,16,3,False,1.2030384287057072,0
4,5175.246708849856,6297.294618190739,49.76869632914,0.4897959183673469,21,2,False,1.351179126411023,1
8,8584.362920770378,12361.767830586388,44.0,0.84,16,6,False,1.4823533749237807,1
5,1477.6870778141163,1742.9876192319682,-13.662453252860551,0.3333333333333333,13,5,False,1.4327903764745595,1
8,2405.84255842566,3977.8426808858085,10.0,0.6521739130434783,6,5,False,1.3220477920007867,0
8,7726.938166299013,8000.404625439784,44.0,0.42105263157894735,9,5,False,1.0858846683934946,1
0,7892.0,9891.274074593997,999.0,1.0,10,0,False,1.3012607972976487,1
2,6145.62166499618,7765.4946751449315,64.89508272074761,0.9285714285714286,20,1,False,1.3355952202620778,1
6,3889.6742523925623,5353.406900569768,-293.74458026260066,0.8484848484848485,18,6,True,1.2386974443410075,0
0,3962.0,5836.1306011271,999.0,1.0,10,2,False,1.1048370769257148,0
0,9733.0,14995.683589230888,999.0,1.0,19,1,False,1.47087952187238,0
0,615.0,1203.0527509167675,999.0,1.0,17,1,False,1.3506506027141758,0
0,6867.0,11726.812216807504,999.0,1.0,13,5,False,1.4363812186580323,0
0,5662.0,8844.678552234896,999.0,1.0,11,5,False,1.4118869550797115,0
4,2976.4858178613204,3419.797320733107,64.89508272074761,0.7368421052631579,7,4,False,1.146550408146265,0
4,4920.111573205757,7028.230254817521,77.63356068504112,0.7666666666666667,8,1,False,1.0754413507648548,0
8,2985.096956110927,3412.3685770499806,-84.73872664189517,0.6818181818181818,9,2,False,1.102261459340829,0
6,1715.369126584938,2553.740404527315,-229.32967645356186,0.5555555555555556,16,2,False,1.2511781981580061,0
2,13043.714034603734,14434.959398390147,66.62772410515086,0.9259259259259259,18,2,False,1.1953036829599275,1
4,2641.6787700765676,3204.3772743876743,125.37207253790066,0.8333333333333334,22,6,False,1.3269470902000156,1
0,4585.0,7168.349592036939,999.0,1.0,7,4,False,1.449822797556523,0
4,1808.203924896848,2284.6007363489844,10.0,0.6,13,5,False,1.4659001285012292,1
8,5152.336515352545,6978.011130941117,10.0,0.7419354838709677,13,1,False,1.0164107282030435,0
0,7012.0,10685.74353883027,999.0,1.0,18,3,False,1.1506885315856406,0
4,4099.379803153144,5356.976371044389,4.646236835703172,0.5348837209302325,15,5,False,1.0237354670332037,0
6,6578.5057519472475,9585.899281788834,12.0,0.8809523809523809,7,2,False,1.1439568470967418,0
8,5911.798603035183,7757.7199950220065,-260.6014054537539,0.68,20,0,True,1.2372833265490475,0
0,4167.0,6135.439389821715,999.0,1.0,18,1,False,1.4455551021268187,0
0,4021.0,8120.915404333922,999.0,1.0,19,1,False,1.1410232270493146,0
4,5824.339880889928,8982.349358124644,-244.57479351842517,0.78125,19,2,True,1.225964838296489,0
2,5425.327254015479,8699.257441567,23.681017179776383,0.9354838709677419,17,2,False,1.4125828953087793,0
6,4211.090801995597,6112.914190096779,22.0,0.3333333333333333,16,3,False,1.4151414904789856,0
0,6341.0,8348.515921494156,999.0,1.0,14,2,False,1.1726711137038446,0
6,6504.717746938158,8954.01847267461,-132.8675563572341,0.8181818181818182,10,3,False,1.1939492582346305,0
0,6598.0,10857.620107616563,999.0,1.0,22,2,False,1.0227649339062188,0
4,4683.132615350845,6412.396111251237,3.0,0.55,19,5,False,1.287502775924629,0
0,2986.0,4212.750130586667,999.0,1.0,6,4,False,1.2249575685608591,0
7,6968.7251803635345,8425.257302147498,-46.96816856020568,0.4878048780487805,22,0,False,1.0172179544144775,0
5,2711.28793457082,3331.410957083689,22.0,0.6206896551724138,10,4,False,1.1663223461810341,0
0,3159.0,3879.3930116937304,999.0,1.0,14,2,False,1.375912298565,1
0,2618.0,3497.2065344016332,999.0,1.0,17,5,False,1.494318503434081,1
6,4289.113600988814,5894.044782722779,-830.0497058421045,0.8181818181818182,17,0,True,1.337062067188711,0
0,4816.0,8180.4239577438575,999.0,1.0,14,1,False,1.3119336252882823,0
7,6443.02702550409,7919.124124355972,-68.96021194238664,0.631578947368421,17,0,False,1.3502913144539304,1
2,6008.276934393203,8182.352391054083,68.63808056074974,0.9565217391304348,13,3,False,1.00591195487972,0
3,1311.9586627674503,1311.9586627674503,22.0,0.6923076923076923,10,3,False,1.190389234410786,1
0,5640.0,8603.140810131554,999.0,1.0,8,2,False,1.2431358977877212,0
4,4551.826894686297,6562.771489768354,23.681017179776383,0.8,6,6,False,1.0689142755038121,0
0,7405.0,11418.564537844344,999.0,1.0,13,6,False,1.2387454923627403,0
0,4733.0,7790.6619557484055,999.0,1.0,16,2,False,1.3084384332839003,0
0,3249.0,3252.038124756369,999.0,1.0,16,0,False,1.1426188595448834,1
0,1798.0,2137.3693791615415,999.0,1.0,17,0,False,1.1385440660600539,0
4,1488.2135723598321,1488.2135723598321,38.0,0.46153846153846156,7,0,False,1.169334323058525,1
6,2943.2586133143786,3549.332299670208,12.0,0.8,7,4,False,1.1705158380575915,0
5,2075.4718315272985,3000.6582935108054,-903.1864619835069,0.4,19,3,True,1.0645236293253646,0
3,3444.522302505688,4406.847132411591,79.47801252071599,0.65,19,6,False,1.3952758538637888,1
4,6384.940651087955,8731.031984763142,3.0,0.8333333333333334,20,3,False,1.2181388799950752,0
10,9591.136582398056,14087.521179367306,-631.7916253865347,0.7746478873239436,11,1,True,1.2397609940789678,0
0,6767.0,8441.759276829616,999.0,1.0,16,0,False,1.3872742480068465,1
2,2820.6286490381885,4490.623172349124,103.73356631744096,0.9259259259259259,17,1,False,1.39198179233927,0
6,7324.667268350554,8430.468768297691,26.28805188304497,0.8529411764705882,10,5,False,1.1033866071113292,0
3,2595.910515279921,4027.205340258424,-163.69026072836883,0.75,13,1,False,1.3316094828579814,0
4,2210.182876431521,3419.436349918293,68.59214129094835,0.5,21,6,False,1.1987549282716912,0
4,6712.941222296264,9323.101133923712,44.0,0.9047619047619048,21,6,False,1.1295003402746417,0
0,7964.0,10198.119266505326,999.0,1.0,9,3,False,1.2762570915823608,0
6,5849.617194104114,7902.424584221234,12.0,0.8780487804878049,20,3,False,1.0583469071647085,0
8,4097.058179949868,4820.288265624181,10.0,0.7441860465116279,6,1,False,1.0779637668125135,0
2,11216.510972296426,12375.61726813778,91.0,0.9,6,4,False,1.3448390579365894,1
0,5529.0,9475.230405517143,999.0,1.0,6,0,False,1.2149562762110453,0
8,5444.622006929884,8361.350485589383,-443.2527056817008,0.5769230769230769,16,5,True,1.184402904346303,0
2,11459.32725401548,18131.451178835447,23.681017179776383,0.9714285714285714,7,5,False,1.0778605085554314,0
0,2346.0,4811.22260287941,999.0,1.0,20,0,False,1.489623328372975,0
9,4237.5034681679645,5399.814987849908,-507.1866550002658,0.3333333333333333,21,4,True,1.492042922283985,1
6,7104.35928505618,10581.865393250635,10.0,0.8695652173913043,22,3,False,1.3017112986758457,0
2,3014.6286490381885,4801.811463123134,103.73356631744096,0.9393939393939394,8,2,False,1.1801706654588968,0
0,1051.0,1051.0,999.0,1.0,22,0,False,1.4841972272710542,1
5,5591.872060919614,9895.046222020925,44.0,0.7619047619047619,6,5,False,1.4021067835726342,0
0,5280.0,10466.465544922088,999.0,1.0,15,6,False,1.493425106662002,0
8,5777.846817748365,6257.730311822217,22.0,0.4358974358974359,8,0,False,1.164768838377055,1
0,8092.0,13020.102397017603,999.0,1.0,7,3,False,1.2436824077055593,0
6,6660.244106660144,8507.436414749709,22.0,0.62,15,6,False,1.2233244350392678,0
4,2743.756956288252,4661.73163367869,-57.18001500063568,0.6923076923076923,22,5,False,1.3987991321636561,0
0,6079.0,10955.992105042602,999.0,1.0,19,5,False,1.4753867402003207,0
0,7440.0,10131.612599897731,999.0,1.0,12,3,False,1.47140245975447,1
4,2826.5368911349306,6323.16901397568,19.0,0.8620689655172413,10,3,False,1.2243851122055456,0
0,4750.0,6986.307678942649,999.0,1.0,9,6,False,1.290971761321873,0
4,1687.3184994973508,2007.371541401383,0.23218899876755264,0.55,17,1,False,1.2675656547206333,1
2,2412.478012520716,4300.790711263585,47.06515244529578,0.631578947368421,8,3,False,1.0994642512161636,0
4,7048.747074034602,9265.040818916897,22.0,0.8947368421052632,10,3,False,1.4293448847664665,1
2,9189.32725401548,13698.428962835429,-1825.7012183154675,0.9591836734693877,18,5,True,1.2946282547320695,0
6,8079.717746938158,9866.36218730066,11.0,0.7857142857142857,14,0,False,1.163392287088243,0
6,7840.499513701168,8706.321219885695,22.0,0.4444444444444444,19,1,False,1.333153632715921,1
0,8513.0,11959.655690701522,999.0,1.0,19,0,False,1.1363039676914677,0
0,2042.0,4051.278497120771,999.0,1.0,19,6,False,1.324946560147693,0
0,5414.0,7601.788755098703,999.0,1.0,10,4,False,1.235819169897417,0
0,4147.0,6008.802287809969,999.0,1.0,9,6,False,1.3195065389105525,0
0,5599.0,7924.474769655156,999.0,1.0,14,5,False,1.0894669650792896,0
0,2479.0,5022.727019159666,999.0,1.0,6,6,False,1.453436356879715,0
8,7342.47712150423,9699.51207012348,-9.189543367230726,0.7454545454545455,12,2,False,1.205883905290198,0
0,8301.0,12246.55322377637,999.0,1.0,11,3,False,1.2614384890590087,0
0,1452.0,2978.8340869497297,999.0,1.0,8,4,False,1.0545840626694858,0
0,7073.0,12389.3728496496,999.0,1.0,11,6,False,1.2508356475094384,0
0,7584.0,11237.34868252033,999.0,1.0,11,0,False,1.0989331494065475,0
6,5507.5057519472475,8652.18320152294,-352.45759451036747,0.8913043478260869,22,3,True,1.100084015072699,0
4,6480.432352105998,9197.657459850656,22.0,0.8888888888888888,13,1,False,1.0397416843740197,0
6,4489.744742119654,5902.5114964942795,-100.06556936202331,0.7352941176470589,13,0,False,1.143385027626877,0
0,5105.0,8741.458553981096,999.0,1.0,6,0,False,1.2168607400501534,0
7,4028.603315814435,5420.115465466171,-211.9994963554965,0.64,9,5,False,1.397101888299658,1
0,3529.0,4228.07831383339,999.0,1.0,8,3,False,1.0912204441753683,0
4,5252.5884008071625,7289.307023157666,-30.83516391730396,0.7631578947368421,14,4,False,1.0193482648845449,0
8,2005.1043829965283,3143.736563938492,-335.20470284720955,0.3157894736842105,12,1,True,1.376891954479588,0
0,6241.0,9776.321363177078,999.0,1.0,13,4,False,1.4464769493858163,0
0,7738.0,9787.59273000607,999.0,1.0,10,5,False,1.3508426446461255,1
6,2133.4093164611304,2772.0831483154843,-303.33150733513423,0.25,17,2,True,1.3937500137055716,1
0,6599.0,9536.71181857734,999.0,1.0,22,2,False,1.1728559038926214,0
6,4546.756491300095,6092.076518481674,12.0,0.6470588235294118,9,0,False,1.493989789030089,1
5,2066.372693111039,4314.365181449086,22.0,0.5714285714285714,21,2,False,1.2617331714285638,0
0,7172.0,10903.558766407048,999.0,1.0,20,2,False,1.2431152428129857,0
0,3835.0,6552.977961881315,999.0,1.0,15,3,False,1.0566325687274896,0
0,6905.0,9186.21253749135,999.0,1.0,15,0,False,1.2647815077085673,0
8,7475.005928999467,9696.802425032705,11.0,0.8367346938775511,22,1,False,1.1526992870083683,0
2,3884.6286490381885,7071.199063826468,-406.01293373178305,0.9375,16,1,True,1.461282580495212,0
0,8188.0,15129.602351556077,999.0,1.0,16,6,False,1.3462609591901382,0
10,6660.136582398058,11710.412926922309,-103.15806733511789,0.7142857142857143,21,1,False,1.1872553745118606,0
6,3977.167796335394,6253.339046594005,-228.38394502761355,0.7368421052631579,16,3,True,1.3389009961101677,0
0,5163.0,8259.114923461395,999.0,1.0,17,1,False,1.4469225092084412,0
0,5729.0,8848.202808845801,999.0,1.0,13,6,False,1.2856678310394862,0
8,7450.16298812399,10511.235036144562,-380.4447186700874,0.8571428571428571,14,1,True,1.316958322424367,0
6,3146.0400899774577,4448.467868856769,12.0,0.7407407407407407,13,0,False,1.239071225959205,0
4,2474.437378889237,5238.758321872502,-55.92427828611281,0.875,21,4,False,1.0486689072197442,0
0,2896.0,3567.2396807340697,999.0,1.0,22,2,False,1.0868537692018327,0
6,6828.047165553815,8149.173296405406,44.0,0.75,7,0,False,1.4352825968317364,1
0,5647.0,8549.010867601975,999.0,1.0,9,1,False,1.0971611381894444,0
6,7674.067552298022,12914.973431464283,22.0,0.7906976744186046,18,4,False,1.1748999348677962,0
8,17048.406104970738,23191.589758066304,10.0,0.8688524590163934,18,4,False,1.4878513128331345,1
0,9431.0,12932.842742298002,999.0,1.0,9,4,False,1.0242686414745905,0
4,7438.874728324398,7702.979713741197,12.872026268890655,0.3,8,3,False,1.4186946702559164,1
7,5641.790981651456,8134.682701906487,-2.1023627815153603,0.75,18,0,False,1.0358909395112335,0
4,3595.5368911349306,8248.996832968616,19.0,0.9,10,6,False,1.1275186226236928,0
2,5295.276934393203,9726.6603307308,68.63808056074974,0.9545454545454546,13,2,False,1.2315125206502155,0
4,4801.018309373604,6780.956541434911,4.646236835703172,0.7777777777777778,16,1,False,1.3218553971573526,0
1,783.8823459220009,1366.661836436616,140.55926341321066,0.6666666666666666,14,2,False,1.3305522097325388,0
0,8952.0,11692.601488782075,999.0,1.0,14,4,False,1.4399995284745732,1
4,12182.95869641933,12732.076530106342,88.0,0.4166666666666667,8,3,False,1.492385739847574,1
3,4859.179218285589,5559.385426774682,136.7265822754325,0.8695652173913043,22,4,False,1.0803633741937388,0
8,5862.0389637308235,7731.141094281553,12.0,0.7837837837837838,13,0,False,1.1155795819055232,0
0,7154.0,11196.352467382214,999.0,1.0,14,6,False,1.401589657414507,0
0,4220.0,6847.271042172296,999.0,1.0,14,6,False,1.2462467760669054,0
4,5093.051380554765,7053.086247007828,95.46064541419236,0.5952380952380952,13,2,False,1.4004653107567642,1
0,2990.0,4348.378320553168,999.0,1.0,19,4,False,1.0062847075362678,0
0,729.0,998.0847358248252,999.0,1.0,19,2,False,1.2284350662930708,0
4,1780.2773224952416,2310.3177769798367,49.54375617780053,0.6521739130434783,21,6,False,1.3136938601705883,1
6,5619.866562748903,9113.57240769983,-7.064092825370452,0.8292682926829268,11,1,False,1.4681757827793491,0
8,6905.45533351524,11987.373799790992,-177.0527569900328,0.6818181818181818,16,1,False,1.1261323098280258,0
4,2004.0628596810936,4155.944655821703,82.0,0.8076923076923077,22,5,False,1.396434848390464,0
0,1425.0,2356.8582209653855,999.0,1.0,18,3,False,1.2048679827882898,0
6,5122.799770364583,6280.622282220522,-3.654620015553723,0.8,18,6,False,1.3015892851268314,1
0,2468.0,3660.3883315463318,999.0,1.0,12,5,False,1.2964711772876427,0
8,6162.846817748365,7791.371827435857,22.0,0.5,20,5,False,1.334588156012368,1
0,4436.0,5601.696697594714,999.0,1.0,14,4,False,1.4318640291724116,1
7,3527.405314221902,6359.875009058616,11.0,0.7096774193548387,9,6,False,1.3980713110071759,0
0,3738.0,5406.503742125855,999.0,1.0,15,2,False,1.4760193605422658,1
10,6159.404888410554,9788.235521098526,-381.7885457877984,0.8085106382978723,17,0,True,1.3969409920466034,0
6,4578.059647292677,5611.5812032208905,-190.34495729819122,0.7857142857142857,19,3,True,1.3703300456299687,1
4,4863.711989351023,9041.745900215174,-66.48537499000429,0.9245283018867925,8,4,False,1.0031382747558926,0
6,9604.813146850738,14120.037548017535,-192.42205202569735,0.7647058823529411,9,6,False,1.1066882961018012,0
5,1258.140658012085,1913.1099220664687,-644.9692640543839,0.09090909090909091,8,6,True,1.328965288975446,0
6,6737.651630447432,9614.774015669505,0.23218899876755264,0.7647058823529411,17,5,False,1.2690155860387833,0
0,7756.0,12519.873442389418,999.0,1.0,15,2,False,1.3507817602522183,0
4,8523.928167643166,11742.513517901096,64.89508272074761,0.8974358974358975,9,2,False,1.2855508510967353,0
4,8807.793323196798,9702.319487693421,97.03308492241764,0.6428571428571429,19,6,False,1.2887948901371244,1
4,4359.454140094987,7638.855483302594,11.0,0.875,9,5,False,1.407219510147595,0
6,5430.77952618887,7777.335995399152,-116.62051996641452,0.7777777777777778,20,6,False,1.1347331161514191,0
6,9591.4571494058,10859.45723851282,-90.2510012032149,0.6666666666666666,15,0,False,1.0409552199828342,0
6,5394.003880728224,8576.293542029272,-46.51574219860492,0.803921568627451,12,2,False,1.2872921320809902,0
0,4900.0,6162.8091272476995,999.0,1.0,11,1,False,1.3889462127312924,1
0,8165.0,14627.61956844471,999.0,1.0,22,3,False,1.1170930242236512,0
10,10477.909228792716,12236.793100083632,-48.84161893094149,0.746031746031746,19,1,False,1.1350864357051844,0
6,4295.690627358526,5751.607496547481,31.77294643567951,0.8421052631578947,18,4,False,1.4905221427968014,1
0,6225.0,9787.52821829704,999.0,1.0,14,0,False,1.4108788672617896,0
0,3429.0,6406.69011220508,999.0,1.0,16,0,False,1.4575611994318647,0
0,2659.0,3473.154874873664,999.0,1.0,18,4,False,1.475473436224922,1
0,3057.0,6489.97536320082,999.0,1.0,9,6,False,1.0895357714398193,0
0,3892.0,5102.526224872301,999.0,1.0,9,3,False,1.1764560176693646,0
4,6061.536891134931,9674.725935112754,17.0,0.92,14,3,False,1.071560953831129,0
2,6469.276934393203,8753.00798887255,68.63808056074974,0.9354838709677419,7,3,False,1.4999463847339511,1
0,6992.0,9705.678466681271,999.0,1.0,6,2,False,1.494337994407877,1
4,8652.337004263132,8855.31712763153,49.76869632914,0.631578947368421,21,4,False,1.0915141837711917,1
8,4713.314980488691,7994.270642015907,12.0,0.62,19,4,False,1.0436968566384504,0
0,5345.0,9632.214219095616,999.0,1.0,17,2,False,1.1115744175601283,0
0,1184.0,1227.2256161829719,999.0,1.0,11,1,False,1.3823404001246096,1
0,3799.0,5553.29847565734,999.0,1.0,12,5,False,1.2740474334775294,0
0,3680.0,5811.055044223382,999.0,1.0,8,3,False,1.4426546952345407,0
6,14281.925072902442,18900.24147556194,11.0,0.92,22,2,False,1.3493329423390437,1
0,6914.0,10628.786861238044,999.0,1.0,19,6,False,1.0496134193461295,0
6,4721.615882407536,5720.28181560964,11.0,0.8387096774193549,15,4,False,1.1153871463145357,0
4,2835.9002902839793,4134.127551379632,22.0,0.8260869565217391,10,3,False,1.1159650997746013,0
10,6244.293593443881,9447.219579337283,10.0,0.8333333333333334,12,1,False,1.2085246944815498,0
10,5019.392679060077,6065.397502772061,3.2526531135111174,0.6896551724137931,22,2,False,1.4090141092450237,1
8,5663.24947585558,7431.087333859001,11.0,0.8205128205128205,7,6,False,1.109629968329879,0
2,6706.621664996181,8771.347189153865,64.89508272074761,0.9615384615384616,13,2,False,1.0795095804876633,0
2,5182.803703067809,7629.267228326382,68.63808056074974,0.9473684210526315,10,1,False,1.2836698403339093,0
0,8943.0,13749.074399315572,999.0,1.0,14,2,False,1.273760982728466,0
8,16478.829724891024,19537.17123669393,12.0,0.7407407407407407,6,6,False,1.4076083394887018,1
0,5743.0,9151.0409531042,999.0,1.0,21,5,False,1.0452505424872998,0
4,2698.8592569342622,3575.6509299912877,31.77294643567951,0.7,22,0,False,1.0358855988589937,0
8,4385.685743925901,5287.941572659713,34.26691453272889,0.6428571428571429,12,2,False,1.166743128358008,0
0,5198.0,7616.551415153937,999.0,1.0,19,1,False,1.3707174075692297,0
0,8460.0,14224.91887986892,999.0,1.0,16,6,False,1.2886113210516108,0
2,2567.542854524534,3854.2621788958904,110.0,0.7142857142857143,10,6,False,1.2915956328341958,0
8,5604.203925343656,8631.241648016769,22.0,0.7948717948717948,11,2,False,1.2624164414593964,0
0,7570.0,10331.487029592183,999.0,1.0,13,1,False,1.0587209698480127,0
0,1529.0,2736.1749815689836,999.0,1.0,14,2,False,1.2066064327500277,0
2,13557.136037406995,14363.172934251998,39.68266072653077,0.92,10,1,False,1.0147854303902442,0
4,2249.955022965579,2370.1878202218263,61.0,0.5,21,3,False,1.2949375709627524,1
0,4670.0,6853.748804281376,999.0,1.0,19,5,False,1.1063907487761608,0
0,7236.0,11284.093332519946,999.0,1.0,18,2,False,1.2450348645717428,0
4,4686.845307453452,8196.26905398737,34.715201949706326,0.7692307692307693,15,3,False,1.2048126647745128,0
10,9905.392679060078,13781.504820653736,11.0,0.8163265306122449,8,2,False,1.4971724888309688,1
2,5095.151598980582,6628.427213591753,143.0,0.9333333333333333,21,0,False,1.4485324447469679,1
4,5065.214030359341,7937.814077567273,-7.192959126788054,0.6666666666666666,21,0,False,1.1421255337087124,0
5,2121.1287815346686,2322.2538574635023,12.0,0.6875,8,0,False,1.14500025160099,1
4,7546.586115725209,8209.607348184694,78.16854940611499,0.7727272727272727,17,1,False,1.09534680529654,1
0,3195.0,4711.385928090023,999.0,1.0,8,1,False,1.3001958103762234,0
8,12159.880996609283,13428.591437280355,-111.35155808013411,0.5769230769230769,22,6,False,1.3223839562025337,1
0,3875.0,5897.271032762701,999.0,1.0,20,1,False,1.2868968128290112,0
8,2486.7561954823786,3759.843449609699,-145.45539041027754,0.6956521739130435,15,6,False,1.314225231981423,0
8,6982.362920770379,10961.583476893447,-783.1835432503613,0.7837837837837838,22,0,True,1.112761521397176,0
6,5361.381454379991,7867.486299535202,-316.8432506823906,0.8780487804878049,10,3,True,1.2234905242719738,0
4,2973.5368911349306,5493.2046802313835,17.0,0.8461538461538461,20,0,False,1.3540231111604484,0
0,7877.0,13251.84786017685,999.0,1.0,13,0,False,1.322691050169826,0
6,7116.412607105459,9896.641177748372,22.0,0.5777777777777777,8,3,False,1.3058536320354925,0
0,4374.0,5778.713144562692,999.0,1.0,9,6,False,1.4195099403988745,1
0,4882.0,7867.615518692242,999.0,1.0,11,3,False,1.0759000043857088,0
4,5463.614237838155,8107.16277784275,22.719155117406657,0.4594594594594595,15,5,False,1.0333665674721104,0
4,7502.341588369125,8831.35126484941,-79.16427709736666,0.6666666666666666,13,6,False,1.162809134345369,0
8,11463.362920770378,16535.350162843984,44.0,0.8974358974358975,21,1,False,1.1943131018856572,0
0,4756.0,4994.552614781471,999.0,1.0,11,3,False,1.1299373443724856,1
8,6443.649876642035,9483.701942666314,-125.13303823222708,0.8367346938775511,19,1,False,1.389762228210603,0
0,3841.0,5945.145770172175,999.0,1.0,14,2,False,1.33106668658827,0
10,5795.844237006806,8016.10325384721,-64.39788617283702,0.7297297297297297,17,0,False,1.1090434673199094,0
6,5976.093573347756,7956.023676885998,2.9988213083389095,0.8333333333333334,11,1,False,1.1336189725362722,0
4,8065.602974887461,9340.900270841754,11.0,0.8571428571428571,18,6,False,1.25192222493751,1
4,9156.355728134939,11517.908102969053,64.89508272074761,0.7307692307692307,14,1,False,1.072021665330232,0
7,5842.935539465674,7944.608040434712,-74.10281636517837,0.7073170731707317,12,1,False,1.353351232604587,0
2,2023.4485887715023,4308.887444846842,74.0,0.92,10,0,False,1.4829474752358687,0
0,1917.0,2755.5941940033363,999.0,1.0,13,2,False,1.2472188114064162,0
6,3312.1812846775074,4345.17307013779,-347.59455981736556,0.7586206896551724,15,5,True,1.0442705915003287,0
4,7853.541319556451,9268.974646359717,4.646236835703172,0.5555555555555556,22,2,False,1.1502996564295886,0
2,3488.527395681016,4393.579205354497,105.44108518243299,0.9047619047619048,18,6,False,1.4195864179802877,1
10,4267.970676256815,6684.3462327268935,-49.26660501296459,0.6896551724137931,7,2,False,1.0702835193321323,0
4,4016.48746686931,4274.871025478562,0.23218899876755264,0.23809523809523808,9,0,False,1.3966145613717247,1
5,3118.083204859595,4843.378397831731,12.0,0.6842105263157895,14,3,False,1.4587265410180523,0
8,7771.586608044273,10293.680453880546,-55.818757031051376,0.8205128205128205,11,4,False,1.185948153033449,0
6,2586.08102556305,3581.568570583002,-616.2968142362625,0.6153846153846154,10,2,True,1.1715016492003612,0
4,4339.393246110683,6568.698096378283,25.0,0.7586206896551724,19,2,False,1.4732096442301097,0
10,8380.404888410554,11808.673160580627,10.0,0.8548387096774194,18,6,False,1.1458449614271762,0
2,2559.9484306505797,3267.556598186261,-290.2670526812554,0.9130434782608695,18,1,True,1.3734957633019906,1
0,7283.0,10541.262083761472,999.0,1.0,9,1,False,1.4843835327181192,1
8,8511.676503147724,12408.292774009895,-866.827614967533,0.6964285714285714,8,4,True,1.07108355737046,0
0,9254.0,15422.018430637801,999.0,1.0,11,2,False,1.3048607344237253,0
4,1814.270338453233,7133.771517541744,-161.81951204421645,0.7777777777777778,11,0,False,1.09669786218819,0
10,6364.844827419805,10231.85568014527,-764.9850299151403,0.7045454545454546,14,4,True,1.2275782567099258,0
4,8351.940651087956,10181.190128199898,-15.82520532431872,0.8541666666666666,13,5,False,1.2120061706453051,0
7,2614.2927310119653,4871.367871370519,11.75587028245755,0.4782608695652174,15,5,False,1.1727766810983082,0
6,3779.9477467787146,4167.8901459523795,22.0,0.4074074074074074,13,5,False,1.458889869611374,1
4,4535.702521093206,5022.076387114336,39.91523358996693,0.8095238095238095,11,5,False,1.1693728368532579,1
3,6487.504953013987,7835.854874096081,3.0,0.8333333333333334,14,0,False,1.4738748812852485,1
8,6943.061280562512,8926.82214049834,22.0,0.4897959183673469,7,2,False,1.1701509695717482,0
4,3097.3918943664075,7191.93239470321,-49.965023841582976,0.7894736842105263,18,4,False,1.3100146427555805,0
6,2527.4555186600337,4219.353619070824,-527.506833722052,0.6086956521739131,20,5,True,1.3045544956507071,0
0,3590.0,5140.380679139865,999.0,1.0,20,1,False,1.3708710815811735,0
2,5981.327254015479,9951.46057600014,-41.13662425063477,0.9487179487179487,18,6,False,1.362649169449155,0
0,9987.0,15731.516939725398,999.0,1.0,7,4,False,1.1661550870078476,0
7,2980.2013440727465,3340.335082047428,-145.61239404047654,0.25,20,2,False,1.0349645998123171,0
0,2772.0,2952.3911346806917,999.0,1.0,8,3,False,1.493056799823525,1
0,1208.0,1475.8312221349518,999.0,1.0,7,6,False,1.2931852181658507,1
4,7901.116093081466,11404.831606550264,68.63808056074974,0.8627450980392157,15,3,False,1.230768092554201,0
0,4482.0,7364.848951681929,999.0,1.0,15,1,False,1.2223602898313535,0
1,1758.538195140331,1982.7566798746989,64.89508272074761,0.7777777777777778,12,3,False,1.0228042514217248,0
4,4091.955022965579,6168.371649064679,-140.25912468135323,0.68,13,2,False,1.2560384004377503,0
0,9325.0,16251.823906297484,999.0,1.0,6,3,False,1.1001222834962094,0
4,2209.9212373991077,3446.5772847451544,137.0,0.625,18,6,False,1.142562045842509,0
0,7379.0,10582.800816925126,999.0,1.0,14,5,False,1.330929636632567,0
0,6302.0,7898.341281638882,999.0,1.0,8,4,False,1.284675712462994,1
6,4115.976352307963,5348.361725810023,44.0,0.5,8,3,False,1.3186034340830473,1
4,1150.303043918132,1247.481700144484,31.948426316848156,0.5,9,2,False,1.2285838510304663,1
4,6706.454140094987,9956.949723350728,11.0,0.9148936170212766,9,1,False,1.2757003021702171,0
0,6947.0,9873.345219586028,999.0,1.0,15,6,False,1.4821050148100616,1
2,9976.621664996179,11609.072382416281,64.89508272074761,0.9354838709677419,19,6,False,1.2087900755726078,1
5,1294.1462324898084,2884.20544274954,44.0,0.7,6,1,False,1.221436301957804,0
8,7498.094951912803,10370.859896490905,-21.344155089566755,0.7708333333333334,8,5,False,1.0707701902701583,0
0,3426.0,6140.529985968491,999.0,1.0,10,2,False,1.1345414299395769,0
10,5714.844237006806,6605.219417549373,-20.872241216690707,0.6875,14,1,False,1.3085491233659152,1
6,13377.404426389594,15123.11124840565,-209.06694764219503,0.7857142857142857,21,5,True,1.0966769373418137,0
2,6412.327254015479,8511.761088070396,23.681017179776383,0.9354838709677419,9,1,False,1.343750588934259,1
4,7901.7843935150995,8102.409562520565,84.0,0.3333333333333333,18,0,False,1.201350416848078,1
0,4341.0,7397.545117146283,999.0,1.0,14,2,False,1.4429042411341257,0
4,6335.033027779507,9446.486372007275,4.646236835703172,0.8125,11,2,False,1.304866915305342,0
8,5743.061280562512,9542.83235193465,22.0,0.4318181818181818,18,2,False,1.0612469611622086,0
2,4979.62166499618,7919.508126046823,-328.5438598790348,0.9259259259259259,22,2,True,1.0249981246776922,0
6,7083.41260710546,7725.235990723496,22.0,0.4864864864864865,18,5,False,1.3794975480931737,1
7,10301.214846003011,14602.177545264836,-238.23142520970129,0.8309859154929577,18,6,False,1.1166723815287156,0
8,6052.461820307792,7730.981760281955,0.23218899876755264,0.64,22,4,False,1.0867935955123456,0
8,3432.9034712055804,4669.078261464877,0.23218899876755264,0.5333333333333333,19,4,False,1.359490398274114,0
0,2916.0,3637.63385294507,999.0,1.0,10,4,False,1.1466503039109106,0
4,2726.9546541622785,3525.66539980991,-342.8928254073738,0.625,13,5,True,1.1692380738718688,0
4,5478.169415929355,7169.330613770911,68.63808056074974,0.8235294117647058,12,4,False,1.4640153268961416,1
8,9607.423620728898,10651.55159677643,11.0,0.6206896551724138,20,4,False,1.2068522952206377,1
0,2323.0,2773.3859554794003,999.0,1.0,11,0,False,1.1083472914358798,0
0,3989.0,5332.328195048112,999.0,1.0,11,0,False,1.0361667964505443,0
8,2872.886070650258,3103.619183687011,10.0,0.19047619047619047,11,6,False,1.4637504054196264,1
0,6571.0,9604.511187375665,999.0,1.0,17,6,False,1.1413000545225396,0
0,5031.0,5938.277425084179,999.0,1.0,6,2,False,1.291606643722465,1
8,3167.0516931573165,5103.59790771462,-262.3838194178153,0.7407407407407407,10,1,False,1.0382441119543384,0
0,3798.0,4827.309599372311,999.0,1.0,7,6,False,1.271604605612314,1
0,1669.0,2151.6255350756774,999.0,1.0,6,4,False,1.2320774107512555,0
0,8822.0,13924.897200104453,999.0,1.0,18,4,False,1.466622155542915,0
10,8893.731328186619,10273.137894348607,11.0,0.5555555555555556,10,3,False,1.0387123012213142,0
6,2957.099129186152,5324.067349586279,-510.69484218602406,0.7857142857142857,15,6,True,1.4382369960828953,0
0,2815.0,3472.821842892051,999.0,1.0,18,1,False,1.202428288468691,0
4,3824.56506239111,5447.970309051557,22.719155117406657,0.5909090909090909,14,6,False,1.0422490488847005,0
0,3259.0,7139.074884052228,999.0,1.0,15,1,False,1.1885289908455128,0
4,10071.54131955645,13675.918818183016,4.646236835703172,0.574468085106383,10,0,False,1.1988674957436052,0
0,2699.0,5153.117007844126,999.0,1.0,13,5,False,1.1842397970761516,0
8,4979.177010817233,7534.344391151242,44.0,0.7333333333333333,20,1,False,1.1663638697487515,0
0,3726.0,5758.376204987975,999.0,1.0,6,6,False,1.4292390852656442,0
0,7870.0,10524.765679204114,999.0,1.0,18,0,False,1.0843971027386718,0
4,3624.668029156427,5169.578729535993,31.77294643567951,0.6666666666666666,22,3,False,1.3289863299878089,0
0,9092.0,12266.107301135165,999.0,1.0,10,6,False,1.4337087549278575,1
0,5115.0,5394.6610145563745,999.0,1.0,21,3,False,1.11308541342135,1
10,5549.903017191531,6864.228796909639,10.0,0.6585365853658537,22,4,False,1.0956903535039935,0
6,6066.067552298022,7205.803670303509,-97.25122349484434,0.7096774193548387,9,4,False,1.387859039815162,1
0,5766.0,10123.577514528723,999.0,1.0,22,6,False,1.0136769624867106,0
0,1514.0,2137.389239936575,999.0,1.0,15,6,False,1.336947915457778,0
0,1795.0,3191.6344951756864,999.0,1.0,6,5,False,1.2921044474927226,0
8,6756.752808878437,9049.569992699302,-46.5298913787873,0.8108108108108109,16,3,False,1.401412344318198,1
0,12125.0,18618.132120262864,999.0,1.0,6,3,False,1.033547303151699,0
0,3369.0,4112.233121722072,999.0,1.0,9,3,False,1.4527085090503702,1
6,1679.3346132364975,1997.4278562066177,11.0,0.5,16,4,False,1.210548370594262,1
8,6765.676503147725,8704.442489575236,-57.91637236393058,0.6530612244897959,7,6,False,1.1449958310957673,0
0,6155.0,8547.999856518465,999.0,1.0,16,0,False,1.3672200329636564,0
0,4781.0,7703.815522724552,999.0,1.0,17,4,False,1.0641880612917762,0
10,9954.143243123452,13539.297253710267,-107.03618711956798,0.640625,11,6,False,1.060563646807345,0
4,3639.102239799332,4975.209609768322,31.77294643567951,0.6060606060606061,20,5,False,1.4273942512822706,1
0,5135.0,9944.19362154543,999.0,1.0,20,2,False,1.4224621331754768,0
8,6009.005928999467,6071.601950078036,11.0,0.7241379310344828,21,5,False,1.4792491438433188,1
2,3290.6286490381885,4161.2955363383135,103.73356631744096,0.8888888888888888,13,2,False,1.4374465085510204,1
4,5075.262568268556,5715.331165118804,64.89508272074761,0.6666666666666666,15,1,False,1.1026082925803593,0
4,3819.045654653956,5995.611969772829,85.38679094380448,0.8666666666666667,17,3,False,1.3573841423413264,0
0,985.0,1948.0043293504518,999.0,1.0,9,4,False,1.3970809250995255,0
2,4011.6216649961802,7408.561000215896,-406.8972864632864,0.9411764705882353,8,1,True,1.48774367891264,0
0,4465.0,7074.495825187429,999.0,1.0,7,4,False,1.1228170862977769,0
6,8967.828246049155,10172.3920722207,-64.24396081471804,0.7058823529411765,13,1,False,1.0452219754840433,0
8,4605.362920770379,6920.90288765438,-85.81622030821771,0.7777777777777778,6,3,False,1.0664146850933212,0
0,7308.0,9555.584006004028,999.0,1.0,13,3,False,1.357732026544304,1
4,2837.179914912639,3638.9224664579733,115.08631049858306,0.5909090909090909,17,1,False,1.067322580436871,0
4,4436.894404379231,5289.757371890101,22.719155117406657,0.7272727272727273,15,5,False,1.067266883112066,0
6,7896.047165553815,9541.564057506666,-433.58792777911907,0.8214285714285714,6,1,True,1.3765853084819382,1
4,1598.2716089291107,2200.1242893616222,5.12090750093796,0.7857142857142857,9,6,False,1.0564152689146953,0
2,4569.327254015479,7392.253187838889,-97.12527821160657,0.9375,14,1,False,1.0185785139836936,0
4,5332.285639649672,9128.315171562734,11.0,0.8918918918918919,6,6,False,1.4525498346656527,0
10,6856.404888410554,9213.354529581184,-329.48972939322044,0.8235294117647058,14,0,True,1.1087127444263147,0
6,7974.985884716345,11598.149311141526,-428.90495986078724,0.6666666666666666,14,0,True,1.3336346726213484,0
6,5055.247990089508,7489.5478442160975,10.0,0.8717948717948718,14,2,False,1.4401998140957537,0
10,5584.487127318087,6675.46388078907,10.0,0.6595744680851063,6,5,False,1.182979576094979,0
4,11128.273215311116,13054.710333777919,155.0,0.5294117647058824,20,6,False,1.0203974767989101,0
8,7709.246442533267,8455.455434281623,11.0,0.42105263157894735,18,1,False,1.046381604676615,0
4,3450.8101026461836,4395.178115237104,79.0,0.41935483870967744,11,2,False,1.2274832609792246,0
2,1448.8037030678083,3174.8905720444254,68.63808056074974,0.8571428571428571,21,1,False,1.0852881779012613,0
0,6306.0,9186.357492562673,999.0,1.0,17,1,False,1.1622498068041809,0
0,4120.0,6559.200788241093,999.0,1.0,9,5,False,1.3586748017302028,0
8,8306.997315731696,10048.342820550652,44.0,0.6666666666666666,20,0,False,1.0683592913447268,0
8,3263.8603722243197,4371.563199923485,-24.014778880015655,0.6111111111111112,12,1,False,1.1255920887561617,0
4,2979.4952786045724,5410.751411873303,49.76869632914,0.6585365853658537,15,0,False,1.23362318790328,0
8,4532.4632377193175,6527.086684582853,-17.078707495956763,0.7647058823529411,14,4,False,1.0239996471530581,0
6,3576.0290270764126,6142.404456762938,12.0,0.8387096774193549,6,4,False,1.107196284287107,0
2,6348.62166499618,8771.355974488997,64.89508272074761,0.9375,22,3,False,1.4948149470590044,1
0,3471.0,5473.720047229339,999.0,1.0,10,0,False,1.1306175109635483,0
7,6923.935539465674,9612.850021461141,11.0,0.7272727272727273,15,3,False,1.434002087376237,1
4,2005.5065127531204,4178.712106962641,28.408328582614367,0.47368421052631576,10,3,False,1.1690855811000056,0
0,4283.0,7088.706619503788,999.0,1.0,8,4,False,1.4740131426773524,0
2,4342.621664996181,6607.706559649494,-26.41805822823011,0.9444444444444444,13,2,False,1.2799555545507177,0
6,6860.113600988814,9433.475832917682,22.0,0.8333333333333334,18,2,False,1.1717723890130305,0
4,1668.0628596810936,2153.0740701801406,82.0,0.7368421052631579,13,1,False,1.174833950509531,0
4,6646.1376358573425,7787.687661181101,4.646236835703172,0.47619047619047616,22,5,False,1.1076353633441751,0
0,3172.0,6128.01381421708,999.0,1.0,18,2,False,1.1071607015742098,0
2,7694.628649038188,12192.01700835282,103.73356631744096,0.9512195121951219,11,0,False,1.1092503768230113,0
4,4813.032209766734,7016.917369333084,0.23218899876755264,0.6842105263157895,9,3,False,1.3256184973689573,0
10,5430.095127230286,6735.811194710967,-278.23433336318584,0.42105263157894735,15,2,True,1.2734946100811735,1
10,3171.4652607550825,4185.526567944287,-17.133399280826787,0.32142857142857145,20,1,False,1.3884159109924206,1
0,2240.0,4129.837617560632,999.0,1.0,8,5,False,1.167650702608268,0
10,6643.136582398057,8771.230714313226,-459.0856334081903,0.6981132075471698,17,1,True,1.0364622704406252,0
0,2733.0,3259.4683965118325,999.0,1.0,13,2,False,1.2829938512349832,1
0,4617.0,5588.60703190282,999.0,1.0,14,3,False,1.356315843853442,1
8,9939.872656610612,11189.426120151536,-279.0292036350861,0.7741935483870968,15,2,True,1.3367848317244886,1
6,5892.5057519472475,9661.90755578186,44.0,0.9038461538461539,7,5,False,1.1583599309593278,0
6,3139.7449253640725,4848.743467871645,-211.49082037607403,0.75,8,2,False,1.1621230205017414,0
0,6955.0,8764.430147812629,999.0,1.0,18,3,False,1.3790084221262453,1
10,5467.293593443881,8564.958296724559,-220.36712136347282,0.8048780487804879,8,3,False,1.1090206901893969,0
9,6111.848340534376,8279.950741705696,-47.85689781696966,0.7045454545454546,10,2,False,1.4941411901136044,1
6,2662.772068719492,2868.377261137327,39.91523358996693,0.5714285714285714,15,0,False,1.0556800757752594,0
0,5599.0,6657.112989600832,999.0,1.0,16,5,False,1.1958156983840982,1
4,1779.2764190093255,2696.760154100387,67.5428526918846,0.8095238095238095,17,6,False,1.3441253232799069,0
8,4242.190701942999,5734.51532643392,12.0,0.6590909090909091,18,0,False,1.0048478735657218,0
10,7488.970676256815,10774.331920646779,11.0,0.7272727272727273,22,2,False,1.0865469111486594,0
0,2387.0,3849.741665527074,999.0,1.0,12,5,False,1.0000794037342997,0
6,4869.223249837767,7514.34317939693,39.91523358996693,0.8235294117647058,10,0,False,1.366643713620228,0
6,9801.431008077532,10840.73341117423,22.0,0.6666666666666666,12,6,False,1.4682165639065279,1
6,5448.244106660144,9035.333068266762,10.0,0.5777777777777777,16,6,False,1.0548466634718305,0
0,6313.0,8661.941283274413,999.0,1.0,9,0,False,1.4333544062598902,1
4,5010.204611342788,8024.514293309721,38.0,0.7727272727272727,13,4,False,1.3691948431499044,0
4,5874.495278604572,8335.403161027682,49.76869632914,0.6744186046511628,8,5,False,1.040649098648238,0
4,1470.2277006400252,2676.507797378825,17.0,0.88,6,2,False,1.459592705499113,0
0,3746.0,6977.326492908374,999.0,1.0,21,4,False,1.3371710050805903,0
9,5709.613652629409,8278.488045348575,12.0,0.7435897435897436,14,4,True,1.3498210879605455,0
8,4705.398665174419,5608.216379932289,-193.62793207282112,0.5,14,5,False,1.4406141256802765,1
6,6445.247990089509,10593.604442319715,7.973345743943142,0.8913043478260869,10,3,False,1.1753670502350215,0
10,6646.970676256815,12500.470981481707,-481.44892167932267,0.7567567567567568,16,5,True,1.437111498390467,0
4,4649.52692445348,6793.324569870352,23.681017179776383,0.6785714285714286,8,2,False,1.03914292362605,0
0,6584.0,8881.517635085616,999.0,1.0,17,3,False,1.0633617900018166,0
2,4375.594623800429,8259.99713666272,65.62156333887171,0.9375,19,1,False,1.1966434997835007,0
0,8039.0,13160.069967772817,999.0,1.0,13,3,False,1.3834805178677814,0
6,1893.4313486302265,2996.681677752308,-323.1784924394097,0.4,17,3,True,1.0003872048217293,0
0,2965.0,4222.9719741630015,999.0,1.0,17,1,False,1.1151696378443865,0
4,3929.5885515910486,4778.364578147049,13.50224109246566,0.7,21,3,False,1.1290334707428218,0
0,2549.0,3021.9282183767777,999.0,1.0,12,6,False,1.0860427626010465,0
4,5163.62320552257,7312.7946081406335,31.77294643567951,0.5531914893617021,18,5,False,1.4786807736241878,1
4,2705.1037195531353,4815.58873557289,31.77294643567951,0.75,22,0,False,1.4408821852962699,0
6,4195.879583160969,5830.488568345857,-58.419540497641066,0.6875,17,6,False,1.3319211095167338,0
8,6787.322925849615,9606.142528110515,9.528258885337955,0.7317073170731707,10,0,False,1.2666691871933133,0
0,3144.0,5323.378634159503,999.0,1.0,8,0,False,1.0396375059261826,0
4,7704.116093081466,11969.78537444077,17.651656077236737,0.8679245283018868,10,1,False,1.4193182178294905,0
4,8756.981860145976,8921.126530773747,67.0,0.5625,11,6,False,1.2963802008315335,1
4,3969.379803153144,7683.017599057156,4.646236835703172,0.48717948717948717,17,3,False,1.4744874792848366,0
8,7611.659109929588,8860.676471152252,12.119024521107107,0.34285714285714286,22,1,False,1.3542043367718095,1
8,6417.186106842648,7812.4358758164435,-6.230426882338833,0.6086956521739131,20,5,False,1.064105496219285,0
4,7036.432352105998,9683.264198275809,-15.667029523580155,0.8947368421052632,11,4,False,1.090051542009029,0
10,9306.143243123452,12933.085820206074,-35.15620401872842,0.5740740740740741,7,4,False,1.4993977905284104,1
6,12041.047165553815,13279.318210927038,-333.874903351535,0.7058823529411765,10,3,True,1.439878930519509,1
8,12387.974574665068,12505.492313526947,22.0,0.6666666666666666,20,4,False,1.1327575715086249,1
4,5723.217979811604,8681.43354668063,87.84590727370347,0.90625,8,3,False,1.1605367722057383,0
4,2464.739248460595,4184.166223026473,29.995849389050363,0.7857142857142857,20,3,False,1.4396436300994981,0
4,15565.945637939956,18119.006903139532,39.91523358996693,0.8823529411764706,13,0,False,1.034078811087567,0
8,4175.4632377193175,7341.635277989483,-149.723312283276,0.75,20,2,False,1.4587708937601906,0
10,12091.512089863383,13562.032274880887,11.0,0.71875,7,2,False,1.031948704704969,0
2,4954.460148592873,8763.196565385357,103.73356631744096,0.9574468085106383,9,6,False,1.3839526165245961,0
8,5487.093986027411,8062.9657119536505,-147.79941151592985,0.3684210526315789,19,6,False,1.492621465367249,1
0,8396.0,12070.941398553226,999.0,1.0,6,3,False,1.1127415661237188,0
6,5979.651630447432,7910.37523227421,-609.6193760534144,0.7333333333333333,13,4,True,1.2018625101483587,0
6,1586.198270158169,3390.460739662277,10.0,0.7142857142857143,7,6,False,1.3620618576131873,0
2,1608.6216649961802,2162.7929159587306,64.89508272074761,0.9166666666666666,7,2,False,1.418326919181879,1
4,5356.545406983467,7206.558791439263,46.25740252028716,0.5128205128205128,20,3,False,1.33403917626774,0
2,11496.714034603734,14406.901293424518,63.80663735430919,0.9230769230769231,13,5,False,1.454162780150177,1
0,2893.0,4691.475710091132,999.0,1.0,21,2,False,1.2972164514924347,0
3,1663.9555316400624,2303.106983626577,49.54375617780053,0.26666666666666666,13,1,False,1.1180080318251313,0
0,7222.0,8875.713536705258,999.0,1.0,16,1,False,1.302085304984482,1
0,3686.0,5308.016290642914,999.0,1.0,11,4,False,1.3040918697767099,0
0,5765.0,8804.54319660277,999.0,1.0,6,3,False,1.377515641154422,0
6,4172.651630447432,7199.633663175875,0.23218899876755264,0.6470588235294118,8,6,False,1.22647065029778,0
4,1143.711989351022,2615.527232368423,-34.049985509806646,0.8518518518518519,8,3,False,1.4974091213008502,0
2,7934.62166499618,12752.63475833809,64.89508272074761,0.96,15,2,False,1.4209407800270113,0
8,5198.622444716697,6294.664024088196,44.0,0.4838709677419355,21,0,False,1.412954364104793,1
0,4629.0,6395.158346859561,999.0,1.0,17,2,False,1.4367002266707396,1
0,8067.0,11129.642805888107,999.0,1.0,12,6,False,1.48275956848131,1
0,1725.0,4240.244288725313,999.0,1.0,9,4,False,1.1258670206840657,0
10,6187.1106062326635,11085.502357913858,-121.38508211316119,0.8297872340425532,11,0,False,1.1993343567205343,0
8,5603.624176943661,7252.973882981507,-367.67205341875206,0.7941176470588235,13,1,True,1.2379785538999273,0
6,11205.41260710546,14174.625281278766,22.0,0.5957446808510638,6,3,False,1.3180459840305392,1
0,2431.0,4349.719703983062,999.0,1.0,12,2,False,1.403986163228314,0
8,5731.369505057513,7478.748356543701,-284.2429873313365,0.5714285714285714,17,3,True,1.0582211996528141,0
0,3891.0,6955.192557350855,999.0,1.0,19,3,False,1.1419057596744264,0
10,8696.970676256813,14283.483576024286,-574.9374313895893,0.8163265306122449,6,0,True,1.1304229327830768,0
4,7207.951712377322,8162.526759796966,94.81187214904145,0.7586206896551724,6,6,False,1.3901974414260416,1
0,4687.0,9930.37513964371,999.0,1.0,22,4,False,1.0103647093248582,0
10,7062.776093472583,9733.528799034204,-241.37994216944588,0.8333333333333334,15,1,False,1.1179747996092952,0
8,3198.874707207693,3697.9818040700243,2.0,0.8055555555555556,16,5,False,1.1562304130209715,1
3,3080.341032376661,4436.292957239269,12.872026268890655,0.631578947368421,17,0,False,1.397438804513653,0
8,6503.39441506788,9756.710309332779,10.0,0.6470588235294118,20,1,False,1.0283101088964064,0
0,3413.0,3707.80607798632,999.0,1.0,22,5,False,1.1361696187428236,1
0,4385.0,8076.3570765596405,999.0,1.0,11,1,False,1.3056882926148798,0
4,4431.45646554845,6818.472542059143,-116.41455511810943,0.65625,21,1,True,1.2202058448422641,0
4,2087.2766565384804,2216.618251541612,79.47801252071599,0.7222222222222222,21,6,False,1.2081330627965223,1
2,8084.327254015479,11387.62518837708,23.681017179776383,0.9649122807017544,7,2,False,1.0036566795187452,0
0,7947.0,12747.03467340873,999.0,1.0,13,3,False,1.4074503155194145,0
0,6948.0,9485.444023130542,999.0,1.0,16,1,False,1.2303506971317533,0
4,3486.432352105997,4763.307337517617,22.0,0.8260869565217391,12,0,False,1.3081897515099776,0
8,4374.764576747404,5793.2291467240175,-135.6718906963497,0.8157894736842105,13,1,False,1.04860753698235,0
8,4683.7398722878725,5734.056635838546,22.0,0.6129032258064516,22,4,False,1.0622040140163882,0
0,1351.0,3970.0876455466955,999.0,1.0,8,2,False,1.248728321977503,0
4,6155.284317396453,7123.632568791208,4.646236835703172,0.6216216216216216,17,6,False,1.3809932731619436,1
4,6080.179800531599,7884.953172343598,22.719155117406657,0.8297872340425532,13,6,False,1.3566836886903701,1
8,4326.31485068192,5064.940623939328,-97.05275722938846,0.59375,13,5,False,1.0199071203864414,0
0,3929.0,5302.206594953879,999.0,1.0,19,2,False,1.4637857038672757,1
6,5380.520801459487,7959.757363681458,10.0,0.8,17,1,False,1.015175163733915,0
0,5157.0,10036.929689282706,999.0,1.0,20,6,False,1.072250031718064,0
6,4058.0000202414044,4993.728024849952,10.0,0.7666666666666667,10,3,False,1.1081656196703336,0
0,2702.0,4245.436641855633,999.0,1.0,21,1,False,1.2610354296046378,0
0,6051.0,7801.11260997725,999.0,1.0,21,5,False,1.0349013517780223,0
0,2592.0,4498.196210290356,999.0,1.0,13,5,False,1.2063590287374266,0
5,8479.12578781461,9272.979100180766,22.0,0.3333333333333333,13,2,False,1.4133036488336788,1
0,4083.0,7072.621936636857,999.0,1.0,15,3,False,1.4247771648325638,0
6,4299.700940241843,4809.988471054764,-45.89501591121723,0.46875,16,0,False,1.3542016969950865,1
6,3773.5057519472475,5495.376398483188,44.0,0.8148148148148148,16,6,False,1.400976380718693,0
6,2060.542951528403,2329.5839386039183,22.0,0.5789473684210527,17,2,False,1.1834022522165508,1
6,6601.925072902441,11124.494744074867,11.0,0.8983050847457628,17,5,False,1.1341093674877223,0
0,6019.0,8740.180516155468,999.0,1.0,19,4,False,1.1919386625844433,0
4,2357.984648669129,3635.042000551136,49.76869632914,0.72,8,6,False,1.0735379784394905,0
1,2080.8992789854856,2395.9749070193584,127.0,0.8823529411764706,10,0,False,1.3275724567585232,1
2,4716.628649038188,6588.565674524175,103.73356631744096,0.9375,21,2,False,1.282311296172793,0
7,5951.320066996878,7424.528311810886,11.0,0.7241379310344828,6,2,False,1.2317125834609142,0
2,2076.6216649961802,3522.3584045801367,64.89508272074761,0.9047619047619048,8,3,False,1.0467411500452732,0
0,4311.0,8591.199156293642,999.0,1.0,12,2,False,1.1701107345253743,0
8,3134.8874305302297,3797.277827078187,-2.6065584010998464,0.5217391304347826,10,6,False,1.2793615409706347,1
4,4931.062859681093,5987.684499575595,82.0,0.8717948717948718,12,0,False,1.207064657702913,0
4,11469.405520601114,15287.04494837743,-255.94195213614807,0.8333333333333334,21,6,False,1.3068371754220223,0
0,3001.0,4556.714664144164,999.0,1.0,7,6,False,1.3181802659527466,0
4,1554.294727283279,2388.9247044301073,31.77294643567951,0.5833333333333334,7,4,False,1.1527817397878115,0
0,2750.0,5921.93674724709,999.0,1.0,16,3,False,1.2693496427799893,0
10,9079.107336788833,13147.764741152321,-73.36335031236891,0.8421052631578947,20,4,False,1.1933993457393521,0
4,5617.940651087955,7457.632213337372,-201.6285366509776,0.7941176470588235,10,3,False,1.2214390992199442,0
4,2476.0979896927925,3472.8138729936154,49.76869632914,0.5,15,5,False,1.2968430520642695,0
8,8314.455333515241,11833.545979913026,-144.16503623121167,0.7307692307692307,18,2,False,1.1395784579420853,0
4,8047.5413195564515,12580.26944277592,-131.65517751685152,0.5652173913043478,7,3,False,1.1605881651938983,0
4,2387.9002902839793,4418.310164343404,-487.25592459184946,0.75,16,1,True,1.3367144273270595,0
6,3148.905834087178,3836.8801576670276,39.91523358996693,0.7619047619047619,11,1,False,1.3928992339480009,1
4,7049.541319556451,7507.198705298037,4.646236835703172,0.47368421052631576,13,6,False,1.2979026931869375,1
8,6357.5051881656755,7958.018415725567,-55.60199667679424,0.6382978723404256,18,1,False,1.0572457831024102,0
0,746.0,1260.4675729683418,999.0,1.0,19,5,False,1.3547207559294137,0
0,6071.0,7316.144903349917,999.0,1.0,13,1,False,1.0724201353288254,0
0,3249.0,5900.836013510552,999.0,1.0,17,5,False,1.2801569563429736,0
4,6558.981860145976,8858.4512874169,84.0,0.8333333333333334,6,6,False,1.053494562892813,0
3,3278.6256380109917,3281.515554756929,138.0,0.10526315789473684,18,0,False,1.0589943943926465,1
4,5610.225419320218,9239.164194119568,-565.0338856632048,0.6486486486486487,18,2,True,1.2561993222925336,0
1,4428.58443927956,6502.185796974531,207.58443927956,0.9666666666666667,7,2,False,1.4599540459624476,0
3,5124.171652485335,5845.905775355175,64.89508272074761,0.8518518518518519,12,2,False,1.4127804121011485,1
0,2816.0,3555.3283197107467,999.0,1.0,22,2,False,1.3957968790371065,1
0,3967.0,6922.677614734733,999.0,1.0,17,4,False,1.2228922025831395,0
0,7426.0,12071.373593758963,999.0,1.0,13,1,False,1.362175876623939,0
2,7587.621664996181,11828.85935438521,64.89508272074761,0.9629629629629629,14,0,False,1.4067737028959504,0
0,4964.0,8953.227377032501,999.0,1.0,15,5,False,1.4175041760805867,0
0,2964.0,5081.371990077341,999.0,1.0,17,1,False,1.3080069593622823,0
0,7447.0,14580.440014139911,999.0,1.0,11,1,False,1.0279141442460948,0
3,2443.1232526129497,3576.0268998945007,110.59191724434427,0.6428571428571429,17,1,False,1.3890699654599215,0
2,2378.527395681016,3543.951669716395,105.44108518243299,0.8666666666666667,15,3,False,1.330929767667405,0
8,5081.869339657191,6289.181760264497,-109.06688230213638,0.34375,13,0,False,1.4759535309689809,1
10,10413.404888410554,13802.574654551774,-542.4444016319394,0.8363636363636363,7,2,True,1.182333309580305,0
4,5816.301874251432,7260.322239485953,82.0,0.625,14,1,False,1.2577237115272764,1
5,8921.447341771136,8936.286513669522,39.91523358996693,0.375,16,4,False,1.0237227961275246,1
4,5464.7105921280045,9628.119687854625,58.98400985257212,0.9298245614035088,20,5,False,1.4156861663854645,0
5,4182.953080850558,5111.740427797122,22.0,0.7931034482758621,11,4,False,1.085943274909919,0
3,6602.776484228041,11156.325266781512,88.28780651440432,0.9215686274509803,11,0,False,1.4656048247396667,0
8,3358.741343318893,5010.829321497051,-79.41828611877696,0.6190476190476191,15,4,False,1.2472116740527799,0
0,1771.0,2235.440791627358,999.0,1.0,13,2,False,1.4184587862435944,1
10,7282.716520734337,10742.80077715896,-42.224571053110566,0.6296296296296297,9,6,False,1.037312292929454,0
2,7343.165980669207,7386.0108194228305,198.16598066920693,0.18181818181818182,15,2,False,1.112358156842556,1
6,4002.8795831609687,4933.854108276847,12.0,0.7058823529411765,19,0,False,1.3725737304010641,1
8,4438.005928999467,5822.802958851394,11.0,0.7575757575757576,9,3,False,1.3814327213501427,1
0,5381.0,6499.91672401677,999.0,1.0,8,0,False,1.1237840203569238,0
8,3608.0304378618657,5544.8571702232475,10.0,0.7,16,5,False,1.2807251932388524,0
2,4054.8950827207477,5984.583284507388,64.89508272074761,0.9,16,1,False,1.0949453552586361,0
1,4584.433480419009,5440.481947874381,152.57646164269963,0.9166666666666666,18,3,False,1.0839703662638496,0
8,4772.379092850554,6563.349092459728,22.0,0.5135135135135135,8,4,False,1.281355503634022,0
0,3062.0,6276.151200953097,999.0,1.0,21,2,False,1.078951202052536,0
6,5124.288648960486,8108.319210705729,-427.55442865741406,0.6521739130434783,17,5,True,1.4021136038506983,0
4,5666.506512753121,8629.401323739194,31.77294643567951,0.7872340425531915,15,0,False,1.157492133210085,0
2,5376.628649038188,7445.15602993648,103.73356631744096,0.9285714285714286,10,6,False,1.4616678208524192,1
6,5053.113600988814,7593.725624043005,22.0,0.8285714285714286,7,0,False,1.0168003073294445,0
4,2270.499528711112,5323.14261632578,-107.09950079201602,0.6666666666666666,11,1,False,1.390148891399877,0
10,12028.475378137646,16375.48206546012,-168.3271719786041,0.8311688311688312,15,2,False,1.3385372828164779,0
0,3829.0,5750.547683663496,999.0,1.0,22,0,False,1.176740636928597,0
0,3575.0,8923.431856744359,999.0,1.0,6,2,False,1.0086848254384262,0
6,5219.113600988814,7949.898747764237,-107.35623835103058,0.85,8,2,False,1.284865925796608,0
0,8379.0,14826.658492282128,999.0,1.0,9,2,False,1.3605993978270714,0
6,2850.167796335394,5234.283533017196,10.0,0.6551724137931034,18,6,False,1.2492861013243357,0
2,5575.327254015479,9934.00164569557,-17.28391257637918,0.9411764705882353,21,4,False,1.0612654284830219,0
0,4335.0,6692.420489671574,999.0,1.0,17,1,False,1.2492567494648787,0
4,5284.102239799333,9278.755922228689,-76.96186541744453,0.723404255319149,15,6,False,1.0200732899029485,0
4,4256.207655978823,5383.737567938044,44.0,0.72,21,3,False,1.474967066911929,1
3,1625.8364681590642,2239.3870369521874,45.92528161411279,0.35294117647058826,11,2,False,1.2605213474767964,0
1,3214.247830202892,4763.3007248694685,385.0,0.8666666666666667,18,4,False,1.293664080184858,0
10,7881.404888410554,11362.081616742595,-84.3593593362965,0.82,10,5,False,1.4947998237052222,1
6,4375.379903110238,5368.628284902435,44.0,0.5263157894736842,21,0,False,1.0070943747530126,0
4,2367.454140094987,3124.029302451967,-116.49538751838597,0.7647058823529411,17,6,True,1.2249750720347943,0
8,4046.322925849615,6094.4106650893145,-42.505615722302366,0.7027027027027027,12,6,False,1.1215372141283142,0
4,4077.5986085443233,6530.883230119924,12.872026268890655,0.782608695652174,17,4,False,1.1389189068492231,0
4,2663.0027447920847,4912.585597796924,-410.9796903669307,0.8,7,1,True,1.2567305024058082,0
4,8912.418567020883,10921.521056198526,49.85025908689087,0.7142857142857143,20,5,False,1.3158684246682903,1
10,10632.187785423794,14059.998498361374,8.040684383753721,0.7058823529411765,12,0,False,1.2920270356792356,0
8,5371.47712150423,8637.078805135989,-156.8731321543185,0.6410256410256411,16,2,False,1.3795684588011328,0
0,4535.0,6845.196933654505,999.0,1.0,8,6,False,1.255623962190321,0
2,6295.275187528146,8063.161831479424,-370.7874056692955,0.9444444444444444,20,5,True,1.1419872196864502,0
4,5392.702521093207,7159.2483544730585,-250.40563440665483,0.8518518518518519,14,0,True,1.3516614748818567,1
10,8060.970676256814,12456.330480652809,-326.7544554994348,0.8269230769230769,18,5,True,1.022452794303155,0
2,2847.4601485928733,4904.793780184385,103.73356631744096,0.8888888888888888,9,0,False,1.4428283234326258,0
0,3276.0,4568.214879496669,999.0,1.0,12,4,False,1.2250484632582008,0
4,5332.827169637944,10296.903695061364,-945.3847256439209,0.8787878787878788,19,3,True,1.4853642088510024,0
0,4241.0,5430.642862040198,999.0,1.0,21,2,False,1.1262419961352337,0
0,5516.0,9683.718466962906,999.0,1.0,9,2,False,1.185362310552719,0
4,2334.08538158992,3075.2707715098554,10.0,0.8181818181818182,13,0,False,1.0326356618761727,0
4,5646.559795131799,6832.913574883293,4.646236835703172,0.5,6,5,False,1.2977203371061268,1
4,3767.5368911349306,5603.572974595998,19.0,0.8571428571428571,11,0,False,1.128003981332921,0
4,2590.379803153144,3205.21672732509,-63.87469424521643,0.23076923076923078,8,3,False,1.366530567417458,1
0,2575.0,4990.66953307691,999.0,1.0,20,1,False,1.0536403507152425,0
4,4897.614237838155,6080.371516884325,-41.37762683942037,0.4444444444444444,14,6,False,1.2648620912940796,1
5,4024.104926569878,5712.532652252734,11.0,0.7857142857142857,18,4,False,1.311456800699566,0
0,2424.0,6571.0219692445935,999.0,1.0,10,5,False,1.125184434552203,0
3,735.5069685074319,1893.186898294858,-97.4587747685895,0.8,11,4,False,1.41524276377644,0
4,1056.2638516606821,3714.8354406199205,-144.56738305026963,0.8260869565217391,18,3,False,1.0136047823720051,0
6,8036.113600988814,9939.230259621547,22.0,0.8723404255319149,6,3,False,1.2552605053086197,1
0,4438.0,7711.903081474015,999.0,1.0,15,2,False,1.236516439683619,0
8,3971.624176943661,5923.384580491628,2.8221974561004437,0.7666666666666667,14,6,False,1.0538410824813258,0
0,6707.0,11672.997841946022,999.0,1.0,22,2,False,1.466405539053842,0
0,4981.0,8103.769667201907,999.0,1.0,22,5,False,1.1384952836304227,0
4,4565.317317416006,6999.177032984801,136.7265822754325,0.84375,19,3,False,1.2794392006107005,0
4,8197.702521093206,10742.035014580017,39.91523358996693,0.8709677419354839,9,2,False,1.230738409758004,0
0,3261.0,4859.174494840582,999.0,1.0,10,0,False,1.4306176765153036,0
0,1323.0,2885.457789908157,999.0,1.0,6,5,False,1.295372480546786,0
0,4725.0,7207.558347178892,999.0,1.0,11,5,False,1.0890600484259931,0
3,2278.27293442412,2955.0048849302207,23.681017179776383,0.4444444444444444,11,6,False,1.2297072489237015,0
4,4886.018309373604,8534.479161432628,4.646236835703172,0.7837837837837838,13,5,False,1.330339063847923,0
10,5868.798188316014,7678.271745488192,-476.8215583924589,0.6060606060606061,11,0,True,1.2757398941176368,0
0,1326.0,2865.236719875586,999.0,1.0,18,2,False,1.3728984860732212,0
8,8983.084064698947,9072.647052607022,22.0,0.22727272727272727,10,0,False,1.4430463562529412,1
0,5724.0,8741.203486267897,999.0,1.0,16,1,False,1.0185899664152513,0
4,4775.450320164502,8253.884619810391,-54.033022748432714,0.6,20,0,False,1.3611945576559268,0
6,9659.41260710546,11871.025807435695,15.477613145394159,0.5957446808510638,12,2,False,1.419457982500921,1
8,5086.508799270563,7543.715503194848,-339.8004756188156,0.625,20,4,True,1.4153615324270468,0
6,1796.5057519472473,4108.617910751686,44.0,0.7727272727272727,9,1,False,1.1171685789289565,0
0,3429.0,3604.873199673361,999.0,1.0,12,0,False,1.4527154631651489,1
2,4831.62166499618,7277.269794093059,10.0,0.9354838709677419,19,0,False,1.373240321010053,0
4,1230.793506562272,1870.1125942254348,61.0,0.6363636363636364,22,5,False,1.2077371780816202,0
10,7094.319331779744,8120.588884540915,-120.86562030225872,0.696969696969697,8,0,False,1.386106854286937,1
2,8006.714034603734,9833.609178722938,66.62772410515086,0.8888888888888888,11,5,False,1.0575465954062362,0
0,4002.0,4607.358792386411,999.0,1.0,6,3,False,1.205905218477167,1
0,4351.0,7421.576696618718,999.0,1.0,8,2,False,1.3225472915609795,0
6,2986.888350737892,4033.4496524384454,11.0,0.72,20,3,False,1.1722451331674866,0
4,5437.235807409907,6783.241807509593,-18.84811157177562,0.75,10,3,False,1.4400674662613524,1
8,4248.341012801888,5958.29045114646,-731.3438499082231,0.78125,14,5,True,1.2664421186201495,0
0,2525.0,5026.627068589788,999.0,1.0,7,5,False,1.4188465070387726,0
6,7196.744742119654,9210.22141924777,-123.73036979172343,0.7428571428571429,13,5,False,1.205244980896143,0
4,3009.0853815899195,4099.056175041031,10.0,0.8260869565217391,18,0,False,1.3553576547433956,0
8,8607.477121504231,12126.470418801098,-38.155535730824695,0.7358490566037735,13,1,False,1.4036313656717785,0
6,10452.113600988814,15463.99326219927,-574.163533359014,0.8947368421052632,22,6,True,1.1925617964584234,0
2,1285.4601485928733,3809.4720436355597,30.364858278372736,0.9130434782608695,19,5,False,1.251125108623444,0
6,8309.223249837767,11178.600737802646,39.91523358996693,0.8125,7,6,False,1.4512067650849967,1
0,10372.0,12192.671366532437,999.0,1.0,7,3,False,1.1557899197007926,0
0,1595.0,2319.5635828437776,999.0,1.0,11,1,False,1.0293216712852935,0
0,3592.0,5653.847956780934,999.0,1.0,22,0,False,1.0374928174744675,0
8,4976.762274445866,7025.614007095526,22.0,0.75,13,1,False,1.2666094415683846,0
4,1863.9583367674738,2702.0185667352703,12.872026268890655,0.5714285714285714,18,6,False,1.3539125324839958,0
6,9617.208681957121,9848.27980329904,44.0,0.8076923076923077,7,0,False,1.4965608934500991,1
6,3202.0596472926773,4813.319771674054,-531.2834591454358,0.7272727272727273,10,4,True,1.4327653355366352,0
0,2532.0,3046.6146047952543,999.0,1.0,9,2,False,1.2355652862495128,1
1,2995.0992189188714,4858.578656772482,96.8468713898756,0.9130434782608695,12,5,False,1.213003706671698,0
0,4566.0,6824.0318244433965,999.0,1.0,21,5,False,1.407930199837232,0
2,4512.327254015479,6207.14133147875,5.985392278629874,0.9166666666666666,11,6,False,1.4556614951456281,1
0,2479.0,3106.385685411438,999.0,1.0,11,3,False,1.2056979581019953,0
8,3864.477710052594,5803.925078654966,10.0,0.7647058823529411,15,4,False,1.0819462346980122,0
7,3145.151190291624,4061.393793956864,11.0,0.6538461538461539,10,2,False,1.2483390871596238,0
6,10230.457149405802,13588.95443273196,-36.65358269935043,0.7808219178082192,20,6,False,1.3701283551524832,1
2,2208.897457882161,5450.679355609036,19.0,0.9310344827586207,7,6,False,1.4970422246135102,0
7,7255.365800417434,11929.15255131867,12.0,0.8571428571428571,20,3,False,1.3195193546244828,0
2,6300.628649038188,7621.234742526052,103.73356631744096,0.8888888888888888,7,0,False,1.4765848936699961,1
8,8235.772802255255,9176.085349386783,22.0,0.4,19,3,False,1.0988529466180281,0
8,4476.831622426085,5923.843030753909,-153.9195864647958,0.5526315789473685,10,3,False,1.0647598995473597,0
10,13479.903017191533,18335.255369755432,-187.61196700023336,0.8461538461538461,17,1,False,1.230880553626859,0
0,4051.0,6244.496113323023,999.0,1.0,16,1,False,1.3535458793081496,0
8,7042.508799270563,10279.25410140443,0.23218899876755264,0.6666666666666666,7,1,False,1.1356032323486756,0
3,4858.111035060737,6301.013647416819,64.89508272074761,0.64,10,5,False,1.4683552158486022,1
0,5402.0,10708.716435385051,999.0,1.0,7,6,False,1.110351831645196,0
3,2931.214030359342,4075.8191960236218,64.89508272074761,0.6666666666666666,21,6,False,1.1698312313149262,0
6,3447.696203689394,4931.709288710073,-67.42574201804145,0.76,9,3,False,1.4398253813074617,1
8,1924.9731550462368,2108.1844332923547,22.0,0.38461538461538464,21,0,False,1.4308187973082338,1
2,4844.895082720748,6502.866069894816,64.89508272074761,0.631578947368421,22,5,False,1.2835951958877083,0
0,5189.0,7319.783990286592,999.0,1.0,7,0,False,1.467448007945721,1
3,4056.960705544745,6100.672411376359,64.89508272074761,0.5555555555555556,17,3,False,1.408226613326929,0
2,3822.779383439772,6518.101573647842,138.0,0.9259259259259259,11,1,False,1.2960155717699924,0
6,6310.976352307962,7975.21133512309,-216.18403204969616,0.4074074074074074,22,3,False,1.2838870334958372,1
0,1758.0,4439.8972524436185,999.0,1.0,9,3,False,1.2221988054943684,0
6,4150.463693287524,7692.02951682897,-361.1963357972704,0.7272727272727273,6,5,True,1.355861554772067,0
4,1416.0779638911335,4294.432400104987,67.0,0.6666666666666666,14,3,False,1.2230987770357653,0
4,2817.285639649672,3966.3589246951733,-145.97003278122662,0.8620689655172413,9,2,False,1.027043995911177,0
9,4404.532333897836,5397.67633893939,-211.52396767563653,0.4375,15,0,True,1.3713615598398796,1
4,6259.411096810547,7942.025706531003,64.89508272074761,0.8421052631578947,7,5,False,1.0674464777016899,0
5,2768.1217349774333,3965.674596020972,-384.8664555388065,0.7272727272727273,17,1,True,1.0876647739032492,0
4,3976.9412222962637,4839.788923081025,44.0,0.8518518518518519,11,5,False,1.177606208358837,0
7,3069.229552250144,3433.330113392893,0.23218899876755264,0.5625,9,0,False,1.3260938982667452,1
10,12277.187785423794,16971.523378631995,-74.17566878548041,0.7590361445783133,12,2,False,1.3431287288946672,0
2,2986.6286490381885,3429.611501624314,103.73356631744096,0.9,21,2,False,1.0457237282895635,0
7,5026.788598757032,6107.766013521368,-230.93892222152593,0.4722222222222222,6,0,False,1.0591660466076254,0
0,4826.0,6829.325892958313,999.0,1.0,14,3,False,1.2360369726279117,0
0,5229.0,7803.388178173898,999.0,1.0,11,3,False,1.2172846798818342,0
4,4232.5884008071625,6457.099144411941,-366.8214966933033,0.6086956521739131,7,5,True,1.0839302746907191,0
6,4190.5057519472475,5099.368766846304,44.0,0.84375,11,6,False,1.045345021890317,0
10,5745.116554757,7386.209600157181,-5.477363085034124,0.5789473684210527,15,1,False,1.4926639765879577,1
4,2196.8271696379443,4661.9824264068175,-0.6231168398671869,0.8,12,4,False,1.4823125468714344,0
2,3155.2321889987675,4338.943075048735,0.23218899876755264,0.8333333333333334,8,6,False,1.2585368381463728,0
3,3236.405519496123,3402.119116529726,4.646236835703172,0.25925925925925924,16,5,False,1.0344131418794582,0
4,7698.005135434447,11842.286207160114,0.23218899876755264,0.74,17,5,False,1.2341368155757189,0
0,8530.0,13369.203848409279,999.0,1.0,11,5,False,1.0077664749837005,0
4,2473.211578838157,4686.924922382931,-155.45107208027457,0.5806451612903226,11,0,False,1.3632735539282734,0
2,13496.391892209054,14725.908925302603,125.49680948830591,0.875,18,2,False,1.3015022809296215,1
8,4759.096956110926,6904.2005174088135,-453.256143168192,0.8108108108108109,14,4,True,1.1890585245899512,0
0,4053.0,5879.084254534185,999.0,1.0,20,5,False,1.3636743259704955,0
0,2520.0,3258.2661033315962,999.0,1.0,19,2,False,1.2528682246947564,0
8,6011.606591816444,9707.174742839194,12.0,0.7346938775510204,17,2,False,1.129892560377663,0
4,2652.1701892010587,2990.1426281442327,104.63885383245325,0.8125,16,5,False,1.1923275824449062,1
2,3953.4485887715023,9040.03784022411,9.832065902168054,0.9534883720930233,12,2,False,1.4459506403233373,0
4,4268.361601114872,5911.726208650336,-242.46881207560534,0.75,14,1,True,1.2241295341389957,0
0,6738.0,9807.505587667027,999.0,1.0,16,6,False,1.1233717555151737,0
8,4756.294044213802,7670.669790382492,-33.80843387766754,0.53125,15,1,False,1.1386063944356526,0
6,7070.976352307962,9088.207024474852,-300.624684045587,0.6862745098039216,8,2,True,1.3220881109685494,1
0,4842.0,7340.114546023339,999.0,1.0,9,4,False,1.1841541099085178,0
0,2238.0,5040.386761076574,999.0,1.0,18,1,False,1.496685929639609,0
0,7379.0,10884.020926171052,999.0,1.0,17,1,False,1.2562645104328656,0
0,5515.0,6394.732049798723,999.0,1.0,22,0,False,1.0190460883585768,0
8,4588.398665174419,6520.357923373559,-250.94899984623498,0.5625,13,1,False,1.3155582090279316,0
2,996.6721670130919,1454.5058099331593,84.0,0.0,13,2,False,1.4249625224082523,0
4,3338.06621142688,3409.072909712392,49.85025908689087,0.5714285714285714,22,3,False,1.4388745751857808,1
0,4535.0,6745.283470970971,999.0,1.0,7,3,False,1.2933433289137717,0
0,6842.0,9678.170936959983,999.0,1.0,8,4,False,1.0198868085719888,0
0,4701.0,7979.147662044431,999.0,1.0,14,3,False,1.417049512670548,0
0,4846.0,8249.481111814177,999.0,1.0,10,2,False,1.4111459777109623,0
8,6847.0013547772905,7557.758821590187,11.0,0.7575757575757576,14,6,False,1.055626521236059,0
2,2913.6286490381885,4262.6443035672855,103.73356631744096,0.9,17,6,False,1.256893112910173,0
6,3053.667268350554,4327.057280066943,-252.9196117711793,0.782608695652174,10,5,False,1.307208825680442,0
8,7589.849873199458,12353.75693835685,-242.78149938431906,0.4909090909090909,6,0,False,1.244023194035961,0
4,7565.437378889237,12991.972706728793,12.0,0.9420289855072463,16,2,False,1.4975635102026175,0
0,5494.0,9644.158793240073,999.0,1.0,11,1,False,1.0763758016054377,0
6,6911.113600988814,8575.650687455987,22.0,0.85,6,6,False,1.0654087458325006,0
4,3420.0051354344473,5121.077649482815,-204.37578811050903,0.6176470588235294,14,1,False,1.0948940458729841,0
4,3808.454140094987,5858.225426598394,11.0,0.8461538461538461,19,6,False,1.3625320926916564,0
4,3971.5247612145104,5591.3445234749,3.0,0.7096774193548387,14,3,False,1.3703643729396513,0
10,10915.990703897873,14734.42613524606,-216.57975316784774,0.8831168831168831,8,1,True,1.2517365498012927,0
4,3754.263771654945,4818.8941033966275,51.36868893419714,0.8518518518518519,17,5,False,1.037232271626005,0
4,2536.437378889237,4264.004656514548,-218.5208365571698,0.8461538461538461,14,3,True,1.4361631107719246,0
8,8267.32980208608,8469.96864577322,-62.516026933018324,0.35714285714285715,8,0,False,1.4498343936860794,1
10,7502.289710014517,10190.652708222697,-498.09118849669164,0.5319148936170213,13,1,True,1.1200360435408356,0
4,7398.432352105997,9041.877382752537,22.0,0.875,20,0,False,1.067867708396374,0
0,2253.0,4588.21865253046,999.0,1.0,16,3,False,1.1015821509193924,0
0,3778.0,6956.334849964346,999.0,1.0,13,2,False,1.1558808450649871,0
4,4088.3576064750346,5234.681951909954,10.0,0.8620689655172413,6,0,False,1.145853525706148,0
4,3279.5760999005242,3979.2689703435767,-13.19467417926407,0.3103448275862069,10,1,False,1.0825643330542216,0
4,4941.379803153144,5733.449745544932,4.646236835703172,0.5,11,4,False,1.3965580694437019,1
6,8379.813146850738,12336.288766201105,-58.34848209705662,0.7818181818181819,13,6,False,1.3504672348089137,0
3,4232.623890027237,5892.749925332249,66.18160195730562,0.6,11,6,False,1.0808390970230632,0
0,1773.0,1982.0671021264984,999.0,1.0,10,0,False,1.2096993807770222,1
5,5376.987337199084,7867.342098019199,-124.4591503914298,0.8235294117647058,22,3,False,1.4718214609836577,1
0,4514.0,6840.319390569407,999.0,1.0,8,6,False,1.0263216384763896,0
0,5198.0,6616.765310477207,999.0,1.0,11,5,False,1.2749283186344493,1
8,8481.540881958947,12529.356328715854,-18.39361868704603,0.6792452830188679,22,4,False,1.1392487615291373,0
6,3573.784382852851,6480.78513790575,-789.6552132206093,0.8333333333333334,11,2,True,1.2926171815202865,0
8,6427.403209829408,9490.917639028148,10.0,0.825,18,1,False,1.0758933830363921,0
10,9525.187785423794,12902.203796612495,-469.74573593877983,0.6551724137931034,13,1,True,1.3771216556161012,1
4,2984.6637790498876,3145.2250266734163,49.76869632914,0.2631578947368421,13,1,False,1.0663712257013047,1
0,3293.0,5880.939078403482,999.0,1.0,7,2,False,1.3611522544334589,0
0,7654.0,11690.962882432152,999.0,1.0,21,2,False,1.4756037448757306,0
0,4514.0,9662.214637738354,999.0,1.0,9,0,False,1.0032464807333656,0
2,5743.628649038188,6838.613506672933,103.73356631744096,0.92,13,6,False,1.4253324266779988,1
6,4804.6158824075355,8062.707426998056,-27.63739031043003,0.8717948717948718,14,5,False,1.3181921217767254,0
0,9206.0,15231.146207786272,999.0,1.0,19,0,False,1.137667505576992,0
0,3962.0,5540.6292192220035,999.0,1.0,6,2,False,1.3054220583206282,0
8,5060.901338610385,7567.079517770937,-895.3319237426214,0.6923076923076923,18,6,True,1.0115330631734696,0
0,5603.0,9313.345332647737,999.0,1.0,6,1,False,1.0353290080938,0
8,4065.026307544112,5999.734715916495,-711.0877353391646,0.75,6,5,True,1.3181003542836651,0
6,5604.798391119395,7750.961573587851,-12.467753244965628,0.8333333333333334,11,1,False,1.2063097289406322,0
4,3970.3826709401765,4272.064714865968,22.0,0.5,15,5,False,1.1936177705768776,1
8,10124.104937269449,10404.985949077673,22.0,0.46153846153846156,7,6,False,1.1373116970803516,1
6,4531.744742119654,5130.859792156975,-185.83050075491732,0.64,14,1,False,1.132058145111904,0
4,6383.285639649672,12365.86781342158,-37.70710555734035,0.9344262295081968,18,2,False,1.0230093196123482,0
0,5821.0,8315.7283040914,999.0,1.0,10,4,False,1.0344340441064523,0
8,17567.781871727322,19403.299553819925,12.0,0.5789473684210527,22,1,False,1.2048838400920703,1
0,9097.0,12782.708335609372,999.0,1.0,20,6,False,1.3057754636013728,0
4,8672.057027895364,8746.585763032801,56.0,0.23529411764705882,16,2,False,1.101639973930766,1
4,5532.565748473198,7641.223649292486,64.89508272074761,0.7419354838709677,9,1,False,1.4262495910223236,1
2,1168.1184249964135,2910.1592015035985,62.34618795935839,0.9090909090909091,12,3,False,1.2988389148083705,0
0,2831.0,3297.0463269916518,999.0,1.0,6,0,False,1.4186861482753006,1
8,17353.201192682514,18357.96346910132,-83.12480572658247,0.5277777777777778,14,4,False,1.228768144851362,1
4,2109.1757524186,2581.558373638815,39.91523358996693,0.6666666666666666,14,6,False,1.1868375482889113,0
4,2364.195570577612,2833.2652214155223,82.0,0.6875,19,5,False,1.421516919364009,1
6,4947.674252392562,7680.178139183563,12.0,0.8571428571428571,16,2,False,1.1099596421203377,0
8,4252.322889317416,6198.3941938603375,-531.021050723069,0.6153846153846154,18,1,True,1.4983336204370497,1
0,2516.0,3908.49656214512,999.0,1.0,17,2,False,1.3318286675997855,0
0,7256.0,10547.19971991227,999.0,1.0,14,1,False,1.0819482429209195,0
0,5423.0,7474.284575248819,999.0,1.0,17,6,False,1.368819570914455,0
5,5109.744742119654,6165.558239008643,22.0,0.6666666666666666,14,2,False,1.0845194335297712,0
0,4450.0,6066.818735747842,999.0,1.0,19,3,False,1.4894435024662092,1
4,3591.955022965579,6469.780130404939,-178.9090137480176,0.6666666666666666,15,4,False,1.1985948689567345,0
0,4108.0,7483.55595791339,999.0,1.0,13,5,False,1.0584918280920477,0
2,3882.548794275008,4988.213743118895,25.0,0.9259259259259259,18,4,False,1.049529915432158,0
0,1804.0,2518.839077519234,999.0,1.0,15,5,False,1.0476818044004157,0
2,7103.068809287584,7362.151809896376,105.44108518243299,0.75,21,5,False,1.2487660390888526,1
5,5451.691511420346,7332.0769943553505,12.228412916954198,0.7317073170731707,18,1,False,1.4485242354292187,1
0,5456.0,6617.619782201211,999.0,1.0,8,3,False,1.4109056263656574,1
4,3521.169415929355,5786.034242257854,68.63808056074974,0.875,22,4,False,1.3007474575355242,0
0,6824.0,7646.113009449576,999.0,1.0,11,4,False,1.1070116555964236,0
8,3073.918902257591,4247.93990371441,39.91523358996693,0.5714285714285714,22,5,False,1.4782779503875652,1
0,4394.0,6005.766316171795,999.0,1.0,22,2,False,1.3212359476595865,0
8,4219.631400881894,6295.632375646763,-616.4322499874435,0.7058823529411765,13,5,True,1.0479297513298709,0
2,955.4601485928735,2755.411573408523,36.60737928260353,0.9473684210526315,21,5,False,1.1074567734035141,0
3,2386.1022108830166,4084.6826447936496,-66.94046106484052,0.8636363636363636,16,2,False,1.0649672854208245,0
4,9111.061063389954,11666.402916741938,64.89508272074761,0.7142857142857143,7,0,False,1.242818990590612,0
4,5614.5860509879985,5807.696234301416,44.0,0.7692307692307693,9,5,False,1.3141583383693152,1
7,3365.425218098167,4140.00045903898,39.91523358996693,0.6,12,4,False,1.0016031466763569,0
10,7475.970676256815,10176.205422606701,11.0,0.8043478260869565,6,5,False,1.3669433270644036,1
4,2213.580957851971,2213.580957851971,44.0,0.26666666666666666,21,0,False,1.3553959798800186,1
8,12791.423620728898,15136.40907395951,-2.7301824204780942,0.7027027027027027,8,3,False,1.194635185112452,1
6,8773.615882407536,11043.71337387886,11.0,0.921875,10,4,False,1.4535137046144435,1
4,5182.2243760844,6696.247754227821,-275.5994694011491,0.8333333333333334,21,5,True,1.4704931844085283,1
4,10144.120212822638,10704.759080321874,64.89508272074761,0.6956521739130435,22,5,False,1.3700094719503597,1
4,3226.499528711112,4376.5545760227105,31.77294643567951,0.6,9,5,False,1.4550913525988054,1
6,4043.5057519472475,6285.95733771434,44.0,0.868421052631579,20,4,False,1.075191878873797,0
0,5321.0,7918.846601160854,999.0,1.0,11,1,False,1.0303774806837747,0
0,4139.0,6966.75440370384,999.0,1.0,16,6,False,1.3962832741231486,0
0,4442.0,5065.98265791109,999.0,1.0,17,6,False,1.0472903754545586,0
3,1518.4194414486642,4303.213748987057,-235.3067280205355,0.8571428571428571,15,5,True,1.0392850503284115,0
4,1861.0979896927927,2847.941269871073,17.378427822627813,0.45,12,5,False,1.3765076235086435,0
0,6556.0,9491.30478886199,999.0,1.0,14,4,False,1.1089187339235478,0
8,12515.294810004067,13259.104229761686,10.0,0.6818181818181818,21,1,False,1.120131494406373,1
6,6001.800775335185,10320.168991017325,-151.35335391120805,0.8695652173913043,7,4,False,1.0510258835710156,0
0,5129.0,6136.0594626397715,999.0,1.0,7,2,False,1.185247705885295,0
10,12185.116554756998,20618.077176902112,-905.3349013463016,0.8260869565217391,16,6,True,1.2248314933724826,0
0,6451.0,8793.012273626056,999.0,1.0,10,0,False,1.194452111758414,0
4,7329.5047709838545,9843.467052749183,87.84590727370347,0.8947368421052632,21,1,False,1.0311521804158352,0
0,2514.0,3546.5284167164796,999.0,1.0,15,6,False,1.4758575848095103,1
0,4974.0,7054.150897617486,999.0,1.0,8,6,False,1.0721141085861943,0
4,2170.450229520289,3016.8446035943243,-106.03642664426229,0.5238095238095238,13,0,False,1.3024406941280209,0
10,6859.136582398057,11450.679341897063,-438.982197139911,0.6981132075471698,6,2,True,1.137862472113586,0
0,6491.0,9752.114343356177,999.0,1.0,22,5,False,1.2616882482530385,0
2,12861.621664996179,16591.401356629463,64.89508272074761,0.9701492537313433,8,2,False,1.1306757487034775,0
8,7013.8447274627115,10214.189987915313,-650.9803299678067,0.4782608695652174,15,4,True,1.4346682619115414,0
0,4839.0,5542.78738564285,999.0,1.0,18,2,False,1.1168946797307124,0
6,4076.518234986263,7433.098861961945,-1749.575865005058,0.7931034482758621,19,2,True,1.2856881285010004,0
0,2132.0,2853.041976153705,999.0,1.0,22,2,False,1.3009491346999775,0
0,3025.0,4819.322637343879,999.0,1.0,11,4,False,1.3445730131363205,0
0,5092.0,8771.341725458366,999.0,1.0,18,6,False,1.475156896801161,0
0,4001.0,7048.911662848546,999.0,1.0,10,5,False,1.0340110815078172,0
2,1772.2878065144043,2824.3609133816544,36.0,0.47058823529411764,12,2,False,1.287386271709498,0
0,5112.0,7706.447774621281,999.0,1.0,7,4,False,1.2329481626895336,0
8,5771.606591816444,8879.520232134666,-626.20829454099,0.6976744186046512,20,4,True,1.2356015333245638,0
4,4286.941222296264,6189.106714304833,44.0,0.8709677419354839,14,4,False,1.4232269788683802,0
5,4019.6070931430213,4341.934988781892,10.0,0.18181818181818182,14,2,False,1.4182972263856777,1
0,2488.0,3839.131769014263,999.0,1.0,14,3,False,1.3982580886296128,0
4,9300.06111109649,12223.482826082376,25.0,0.6964285714285714,22,5,False,1.4456043979196236,1
4,2319.211578838157,3208.1056220829378,79.47801252071599,0.5357142857142857,7,1,False,1.2432527302756409,0
6,8558.505751947247,15758.380920567908,12.0,0.9397590361445783,6,5,False,1.332287043490126,0
8,6199.47712150423,8782.520073547359,-171.5924448063604,0.7254901960784313,21,2,False,1.1258164343941424,0
6,7771.717746938158,7868.633261798498,11.0,0.7391304347826086,16,2,False,1.2860232228469788,1
0,4301.0,6277.812139672521,999.0,1.0,10,5,False,1.3142445476121183,0
4,4886.850085058617,7340.643681627193,79.47801252071599,0.8928571428571429,6,5,False,1.3803528446879902,0
0,3037.0,4132.024910617879,999.0,1.0,14,6,False,1.145127795102337,0
10,5040.364083170974,9975.121959656997,-88.91656351991678,0.7073170731707317,20,0,False,1.1107389564844092,0
0,3990.0,8114.498138187004,999.0,1.0,14,2,False,1.2428759964120994,0
2,9350.621664996179,11243.328565124817,64.89508272074761,0.9607843137254902,14,6,False,1.0696012411289106,0
0,9564.0,11957.684343782474,999.0,1.0,6,3,False,1.0018721942612885,0
6,4889.223249837767,5376.8109958508185,39.91523358996693,0.7777777777777778,19,5,False,1.435623967536141,1
0,4832.0,6359.4439936477775,999.0,1.0,11,6,False,1.1901168390094186,0
2,4717.628649038188,7346.523499802305,103.73356631744096,0.9393939393939394,21,6,False,1.0889404960104785,0
6,4493.017494152472,5308.888502925214,12.0,0.5454545454545454,11,6,False,1.2024975750365305,1
0,6190.0,9150.576325842057,999.0,1.0,7,0,False,1.3717340619743186,0
3,2929.0833677800947,4035.3511692387083,-308.6121933276334,0.8260869565217391,9,6,True,1.0046775493138171,0
0,4875.0,7935.100156339979,999.0,1.0,12,3,False,1.4642351821897055,0
8,5104.17586230885,5565.511673538637,12.0,0.6666666666666666,9,3,False,1.1397320061113385,1
7,4521.81346722454,5067.483415015627,0.23218899876755264,0.45161290322580644,14,4,False,1.3918893239338996,1
4,4344.90029028398,7782.807807334626,22.0,0.8461538461538461,13,1,False,1.22814393040421,0
8,6584.768323216882,9055.130054318053,-292.47321480754,0.5576923076923077,19,5,False,1.1352207758876511,0
8,5788.932005327221,8390.938180474004,-36.304898184904076,0.6875,10,3,False,1.2011280583679969,0
0,5332.0,6970.0133025975065,999.0,1.0,22,0,False,1.0822567528522467,0
8,5817.030543926166,9135.741751877711,10.0,0.7272727272727273,15,2,False,1.3022931050714603,0
2,1808.059940244831,2946.8797694669615,61.0,0.8125,10,4,False,1.4289023273847221,0
8,6645.8104108820335,7875.463662362454,-263.46215109680907,0.5625,8,1,False,1.4585692027906747,1
6,3614.0237386715185,5400.062519580683,-13.457260257470011,0.6,17,0,False,1.2633995668454403,0
0,1930.0,4472.19536711883,999.0,1.0,14,6,False,1.2120982698943794,0
8,8384.558666350486,10920.27917364869,11.0,0.8490566037735849,10,3,False,1.2795292303669186,0
7,6440.24731618343,10610.42989028893,10.0,0.6842105263157895,6,0,False,1.4870521021301935,0
6,6179.067552298022,9444.678578098441,-311.3117337802769,0.7692307692307693,20,1,True,1.1565978967262018,0
1,1690.168549406115,3386.457652422496,78.16854940611499,0.9444444444444444,9,6,False,1.3271882051346755,0
4,5379.495278604572,9209.585625550591,-55.117252361290284,0.72,13,2,False,1.4194415601285177,0
8,4860.25843087184,7043.985643629821,-149.39041754296204,0.625,14,4,False,1.0708472236177162,0
6,2168.09070031865,3193.503104430236,-61.499663597704384,0.4090909090909091,9,0,False,1.1795313309878048,0
6,4780.35928505618,7491.335179859135,-411.9171465352505,0.7857142857142857,9,5,True,1.0785869229281762,0
0,1750.0,2182.058723675428,999.0,1.0,11,5,False,1.2888439749652367,1
0,4844.0,7593.280722768761,999.0,1.0,7,6,False,1.2683211705087651,0
0,2777.0,6288.956336892414,999.0,1.0,16,2,False,1.483746157542439,0
4,1887.203924896848,3704.3760682294815,-370.56490121495676,0.6363636363636364,11,1,True,1.1418615176394402,0
8,6192.398665174419,9815.628247817498,10.0,0.5882352941176471,17,4,False,1.3382287749158694,0
4,3542.018309373604,5064.634209591467,4.646236835703172,0.7333333333333333,11,1,False,1.4852836353092642,1
3,1358.0586823437043,1387.942516383585,38.0,0.35714285714285715,8,1,False,1.2317639147856378,1
7,3223.3481496184395,4606.81820181277,12.0,0.37037037037037035,15,4,False,1.090949893601719,0
5,6746.5279211853795,9882.52543670083,11.0,0.8923076923076924,21,1,False,1.3818197973474295,0
4,2446.4952786045724,3669.638134901101,49.76869632914,0.5483870967741935,16,3,False,1.1870703913400493,0
0,5118.0,8283.7464503501,999.0,1.0,7,0,False,1.2197481307997005,0
10,13966.404888410554,19209.099344450387,10.0,0.90625,18,5,False,1.4301001985275335,1
0,8165.0,11750.392641490502,999.0,1.0,22,4,False,1.0199719539715912,0
6,4829.205294209943,6758.499852082412,-166.4663696241381,0.47619047619047616,16,4,False,1.2830109298797487,0
0,3211.0,5782.813120100021,999.0,1.0,18,4,False,1.4247497795931594,0
6,2140.720996668553,2235.1309290256586,39.91523358996693,0.5263157894736842,21,1,False,1.213226433297361,1
8,5974.250154255458,9048.019533473669,0.23218899876755264,0.6304347826086957,16,4,False,1.1327873369824695,0
8,7648.947915836796,9216.484791294728,22.0,0.8205128205128205,6,4,False,1.1229185994716135,0
0,949.0,1046.4964599503508,999.0,1.0,21,3,False,1.2684254084569329,1
4,649.9122385682313,649.9122385682313,77.0,0.3333333333333333,22,3,False,1.2996551100047116,1
0,6287.0,9658.793612713327,999.0,1.0,6,4,False,1.1791708386856992,0
2,14431.32725401548,16527.543678790833,21.86428479937576,0.9444444444444444,18,6,False,1.0489052718880654,0
8,5954.547811631719,8769.703295499294,22.0,0.8125,14,3,False,1.1381468229204246,0
8,7210.629428758706,9118.424004669316,-381.76779438945516,0.6666666666666666,7,4,True,1.4871784638411065,1
2,3015.6216649961802,4486.174749137768,-97.08045095257489,0.9393939393939394,20,6,False,1.2298476132866512,0
4,5854.614237838155,7398.23663383128,-243.27920091534753,0.5348837209302325,16,5,True,1.1305089463495273,0
0,6622.0,12952.695466709998,999.0,1.0,15,1,False,1.3769293765858968,0
8,10758.336515352545,17102.9699254075,-263.3716741124094,0.8904109589041096,11,6,False,1.4523735340274224,0
8,7140.535536967806,9915.186388023565,-345.20364967415077,0.603448275862069,8,6,True,1.135748848506046,0
4,1719.8989653716844,2349.0394089763554,63.91355829609498,0.5263157894736842,14,4,False,1.2469800057696048,0
4,4312.603177288185,5527.473109906724,68.1251647674691,0.7083333333333334,12,6,False,1.2338877432807498,0
0,5654.0,6796.169109449841,999.0,1.0,10,0,False,1.2678017936527428,1
10,10644.970676256813,13934.768881627457,11.0,0.7906976744186046,14,0,False,1.1225354335780953,0
0,6072.0,12214.760798620622,999.0,1.0,11,3,False,1.470389518823329,0
4,4524.203525446422,7392.04060732965,79.47801252071599,0.7142857142857143,7,5,False,1.0884545016113911,0
8,6551.508799270564,8969.389774952188,-348.09257257056595,0.7222222222222222,9,2,True,1.1323586126593994,0
8,5644.923271693223,7549.6481219622165,-449.92187302556374,0.6744186046511628,16,1,True,1.147107996735798,0
4,3860.7008947008917,4900.384915248272,151.0,0.8,18,0,False,1.1139644615611954,0
6,3739.700940241843,4732.998451699846,-60.59244897378599,0.2413793103448276,22,0,False,1.1735938352092763,0
6,3176.459396691133,4203.2844390860555,22.0,0.7083333333333334,18,4,True,1.3458602687246788,1
4,10277.495274032859,11177.561429320082,93.0,0.7755102040816326,13,6,False,1.2652264085804021,1
4,9011.120212822636,9851.984233719935,64.89508272074761,0.6666666666666666,9,1,False,1.1140950684793258,1
4,9470.28507034672,11472.27153660752,61.0,0.896551724137931,22,5,False,1.1683208754552021,0
7,5065.054546222255,8325.82710949455,-1623.5800786730092,0.6956521739130435,6,0,True,1.1663393074480037,0
5,2371.3077488931153,2861.1346418663265,-196.96277601955225,0.5714285714285714,17,0,False,1.0200916233472028,0
3,1791.41940617111,2758.172317378491,64.89508272074761,0.6666666666666666,12,1,False,1.021486713621903,0
8,8599.725180363534,11462.978579118106,-146.32624318498966,0.5714285714285714,14,0,False,1.0791611430047925,0
0,3986.0,6164.134448915889,999.0,1.0,15,2,False,1.4817404071584783,0
0,3602.0,3886.373161603928,999.0,1.0,22,6,False,1.1536335503507997,1
6,6169.62571873874,6973.35970065319,-125.11687031748116,0.47058823529411764,19,6,False,1.1999832431652928,1
2,7595.895082720748,9219.50654204373,64.89508272074761,0.5714285714285714,15,2,False,1.1181588422229787,0
4,13896.545554747392,14070.543966416744,67.5428526918846,0.3181818181818182,13,2,False,1.315974711206997,1
0,1969.0,3573.18063981658,999.0,1.0,6,3,False,1.0455977118649977,0
0,5941.0,7457.755997921021,999.0,1.0,13,0,False,1.0244515877183953,0
0,4831.0,8008.102669725358,999.0,1.0,13,1,False,1.335811831909558,0
8,2224.624176943661,2492.2966313916145,22.0,0.631578947368421,12,3,False,1.2567206598708953,1
10,5441.66148576191,9730.192785098498,-434.4443900148706,0.8095238095238095,10,0,True,1.0199275585107523,0
2,3315.4601485928733,4751.142821077822,67.0,0.9459459459459459,13,4,False,1.403239251926357,0
6,6604.925072902441,8194.886578827922,11.0,0.8235294117647058,10,3,True,1.3123137169696495,1
0,5478.0,6855.342907366764,999.0,1.0,6,0,False,1.2297006316612484,0
7,3576.175956223743,6007.896025622774,-412.2097502626222,0.7857142857142857,7,0,True,1.0000671631276212,0
10,8815.116554756998,9636.230547186524,0.23218899876755264,0.7333333333333333,15,6,False,1.2118037094934215,1
8,5593.336515352545,8668.528987690868,-571.1192848936336,0.7837837837837838,7,4,True,1.0194647213986674,0
6,1891.247990089508,3372.595281929141,-0.8322921766612836,0.8076923076923077,6,5,False,1.4831958117317803,0
0,3753.0,7964.206731766408,999.0,1.0,6,6,False,1.0213847673452854,0
4,1543.4371452837827,1924.6662375216392,-367.05552983318876,0.5625,10,0,True,1.3354143299363905,1
6,4689.784382852851,7176.22422086422,-93.76299781014573,0.8611111111111112,20,2,False,1.33259794919671,0
6,3900.6742523925627,4476.03363961588,12.0,0.8,22,2,False,1.496053542513038,1
6,2207.955355644609,2743.836519010508,-32.21989725873162,0.6842105263157895,17,4,False,1.2650070975500027,1
4,3416.955022965579,4893.85316446359,-41.33560420855929,0.6190476190476191,7,2,True,1.404930065466092,0
6,3725.5208014594873,5097.540380781537,-181.035238964923,0.76,10,4,False,1.0142499750002694,0
4,1206.9274245386296,2083.4215967693985,78.78981155266983,0.5,10,6,False,1.018665598157034,0
6,5620.16435139323,10707.00040997459,-208.56979375754548,0.6363636363636364,19,1,True,1.017616989008754,0
0,5187.0,7709.2526383494,999.0,1.0,8,5,False,1.0927499550467945,0
0,6879.0,11156.962925738524,999.0,1.0,15,4,False,1.3887056530082211,0
6,5487.381454379991,8795.309459012813,-141.49743478407277,0.8571428571428571,7,4,False,1.3860244511549362,0
6,9225.457149405802,11742.258317290522,-383.29995559207896,0.6363636363636364,16,4,True,1.4309639797753475,1
3,2067.532229096099,2649.4309736609007,31.77294643567951,0.5238095238095238,21,6,False,1.427158488074523,1
6,4832.674252392562,7678.331155392395,-598.7206788913616,0.8333333333333334,9,2,True,1.4740401823807214,0
1,5448.54453310568,6443.590001157254,59.0,0.9473684210526315,13,0,False,1.276286429891269,1
6,11106.35928505618,15496.755705466268,-502.0102474622787,0.9032258064516129,19,6,True,1.2961594264091398,0
3,4163.952353600917,7125.563859094257,137.0,0.84375,21,0,False,1.2303850531225078,0
4,3649.787585708362,4029.0963406249084,103.73356631744096,0.5333333333333333,12,6,False,1.0309335432175013,0
4,5746.668029156427,8776.728170702474,31.77294643567951,0.7619047619047619,6,2,False,1.014702717555248,0
4,6345.454140094987,10838.561826120165,11.0,0.9090909090909091,22,5,False,1.4388854553851957,0
0,2441.0,6412.348231038883,999.0,1.0,14,0,False,1.1664054370738448,0
0,6163.0,11203.633013249404,999.0,1.0,22,2,False,1.3872849974494914,0
5,1649.3831559932416,2855.650437099986,-200.38336326739875,0.5333333333333333,7,6,False,1.2698000206152869,0
0,12346.0,20367.423214230457,999.0,1.0,15,0,False,1.2838904236721906,0
0,1638.0,2227.7668992262697,999.0,1.0,9,1,False,1.1409764912403515,0
0,5422.0,9293.059362370675,999.0,1.0,14,3,False,1.0508162312583929,0
2,2489.5242099604056,3491.4440995056157,25.0,0.8947368421052632,18,4,False,1.3159556655425662,0
0,5374.0,9446.066753699175,999.0,1.0,7,5,False,1.0978274300725102,0
8,4093.764576747404,7743.136666960564,-241.3259970515055,0.7586206896551724,15,5,False,1.2660190368512048,0
4,8978.225419320217,13851.12142580431,-606.8018600294926,0.7450980392156863,6,4,True,1.1668410401864087,0
8,4875.5244363250895,6035.330600743524,10.0,0.7142857142857143,17,2,False,1.3007106644343636,1
6,7348.985884716344,9805.875329630542,22.0,0.68,17,3,False,1.0617197215873475,0
3,1705.2071650388489,2055.578979641197,-118.92118831775718,0.75,19,4,False,1.49269858948121,1
4,6551.991784780224,8449.948180985533,87.84590727370347,0.6666666666666666,21,3,False,1.3926094517570955,1
6,2430.796683787651,3320.6548281857636,39.91523358996693,0.5555555555555556,7,4,True,1.2748648833822684,0
8,5930.309455015056,8034.547554402886,22.0,0.8157894736842105,7,4,False,1.3755054683533068,1
8,4596.505188165676,5417.9889881419995,11.0,0.46875,21,0,False,1.1339461165634466,0
6,8443.17238117354,11744.321387083464,-82.41080947334206,0.8113207547169812,14,3,True,1.0012361677924093,0
6,6067.41260710546,8502.468510144055,22.0,0.5476190476190477,12,1,False,1.2247762508672295,0
6,5164.744742119654,7189.041376924325,-384.395224396545,0.7096774193548387,10,3,True,1.0554626181698652,0
4,3549.8467014549133,3874.7542335120174,51.36868893419714,0.53125,16,0,False,1.4933527754165699,1
6,6320.0038807282235,10866.922473247016,-596.2352319605172,0.7674418604651163,12,2,True,1.0433099068080938,0
0,5217.0,6224.494413168951,999.0,1.0,7,3,False,1.1129732879732743,0
0,9686.0,15738.406257277582,999.0,1.0,16,6,False,1.062649872753495,0
4,14073.120212822636,16198.456461017853,64.89508272074761,0.7878787878787878,18,1,False,1.09309352602429,0
2,2996.287806514404,4907.453635498793,-291.9704836301923,0.9166666666666666,20,3,True,1.0150019537586588,0
2,4457.621664996181,7789.761362596618,64.89508272074761,0.9354838709677419,20,1,False,1.3163960186616759,0
2,9096.62166499618,14288.640915986407,64.89508272074761,0.971830985915493,7,0,False,1.415841177268157,0
0,4955.0,8953.160782981273,999.0,1.0,21,6,False,1.38099101800257,0
2,4615.719316918767,7103.580530626406,-74.81054279246955,0.9354838709677419,17,2,False,1.0992775741261855,0
10,5242.136582398058,8645.710240341803,-660.8539531585969,0.6097560975609756,12,3,True,1.1069786563244628,0
4,6451.5047709838545,8828.333015831664,87.84590727370347,0.8888888888888888,18,0,False,1.0919148780301673,0
1,7161.4001722971825,9799.77345644395,22.719155117406657,0.9555555555555556,22,3,False,1.3069654189431144,0
0,5342.0,7468.908459517291,999.0,1.0,19,6,False,1.4005739879997463,1
10,8971.526657744027,12394.421993020887,-493.16380561879026,0.8113207547169812,22,6,True,1.1370769721253304,0
6,11706.109679595653,12749.271919936818,22.0,0.7586206896551724,22,1,False,1.2485555657053102,1
4,7244.940651087955,11090.365585216323,3.0,0.86,10,3,False,1.182449009843391,0
2,1351.6286490381885,2219.026866972677,103.73356631744096,0.8571428571428571,8,6,False,1.3102606359476214,0
3,826.9494163346408,826.9494163346408,113.0,0.25,10,4,False,1.1033482528407914,1
6,6956.412607105459,8593.355826381921,22.0,0.5476190476190477,19,4,False,1.4129876101640455,1
8,9194.558666350486,12068.54256921629,11.0,0.8596491228070176,16,4,False,1.1358272716420919,0
6,5411.674252392562,8273.075466181868,12.0,0.8913043478260869,14,4,False,1.343275438259694,0
6,1909.779169671815,2942.170267715101,-279.5132235783402,0.5714285714285714,15,5,False,1.0481720323448047,0
3,1877.1056388553416,2348.649108676041,88.0,0.2631578947368421,17,6,False,1.10552276920092,0
0,7551.0,15186.472084803943,999.0,1.0,19,3,False,1.253087048708553,0
8,2100.3168436364385,2581.975059988128,-46.3618426917393,0.6666666666666666,17,0,False,1.0533857098091484,0
8,3048.3505247148687,5437.2224321744725,-1178.4876699298425,0.6071428571428571,21,4,True,1.3676794358042994,0
8,4791.270568693454,6360.4830338790025,-743.4539612557412,0.72,8,0,True,1.0516503193186024,0
8,4639.16298812399,5129.802722406712,-169.09540561398873,0.6521739130434783,7,1,False,1.3176786540204146,1
9,9060.7035525251,9286.337864449995,12.0,0.5263157894736842,9,4,False,1.1397229684792611,1
2,1790.0319399640787,4293.018693716311,10.0,0.9285714285714286,17,5,False,1.4904908263428043,0
0,3829.0,5553.410350975516,999.0,1.0,13,2,False,1.116195610929168,0
8,11258.552571861806,12116.385642357078,-649.80031846825,0.6818181818181818,12,6,True,1.153926078030306,1
0,5215.0,6993.093285031869,999.0,1.0,12,0,False,1.438565586570597,1
0,1670.0,2191.024883405049,999.0,1.0,8,2,False,1.1056613812479796,0
6,12992.047165553815,13892.256794936544,44.0,0.6666666666666666,18,6,False,1.0991855925591059,1
4,3566.3649546790202,6353.526282423193,112.17524926182361,0.8333333333333334,22,5,False,1.00750469508437,0
0,4938.0,5951.401369221847,999.0,1.0,16,3,False,1.435994141632138,1
0,3473.0,5431.452832977223,999.0,1.0,13,6,False,1.323936953941321,0
0,3271.0,5064.117835162419,999.0,1.0,16,0,False,1.2592330764911317,0
8,7415.630926301972,8853.934861289736,-437.42691064564673,0.6,20,6,True,1.008069997533597,0
0,3483.0,6051.03132950745,999.0,1.0,7,2,False,1.2131467879587978,0
8,16330.093985468373,16882.828159348355,22.0,0.46153846153846156,14,5,False,1.4388298842699758,1
4,5966.317317416006,9414.899643433631,61.01546712883511,0.9206349206349206,11,6,False,1.1536092900624608,0
8,5764.0389637308235,7859.293067228273,-173.408452504319,0.8095238095238095,13,5,False,1.2013411562300362,0
0,4857.0,8035.924168600992,999.0,1.0,7,3,False,1.3006967802255396,0
6,4449.093573347756,6817.09054034509,11.0,0.8235294117647058,15,0,True,1.4211207801278536,0
0,4370.0,4452.048652778101,999.0,1.0,10,6,False,1.4722157957998008,1
0,7566.0,11449.106644137859,999.0,1.0,18,3,False,1.300494546840641,0
0,6349.0,8002.162587456246,999.0,1.0,7,5,False,1.4593472877630078,1
4,1712.1799149126393,1712.1799149126393,115.08631049858306,0.25,14,5,False,1.4014957294164585,1
0,5372.0,8881.925695306729,999.0,1.0,8,1,False,1.1342553553787322,0
3,3963.8977847762553,4788.567687123294,64.89508272074761,0.4583333333333333,18,4,False,1.4989960151378183,1
6,7713.113600988813,11354.42315020092,-331.110378468631,0.8723404255319149,14,5,True,1.1419588781459342,0
0,2357.0,4351.597164470115,999.0,1.0,12,6,False,1.219573838050048,0
6,4491.756491300095,6931.385090601046,-134.20548162708172,0.6756756756756757,13,5,True,1.3205293660449506,0
2,4168.628649038188,6907.912115510439,103.73356631744096,0.9285714285714286,19,6,False,1.1936322733080156,0
4,1209.9404871815948,1700.9209519262467,61.0,0.3076923076923077,9,0,False,1.2995856644852644,0
0,3017.0,4614.392918419761,999.0,1.0,13,3,False,1.246949638258124,0
3,905.2495804072398,1299.4318191354068,84.0,0.7,8,1,False,1.3498288157512328,0
0,7982.0,12724.782348382301,999.0,1.0,17,5,False,1.3913315343754382,0
0,4390.0,5493.444702376186,999.0,1.0,9,6,False,1.4721390149023093,1
8,8582.29638449119,10999.3534105217,10.0,0.7857142857142857,15,1,False,1.2859054195188773,1
6,6732.392736486734,9819.269990678806,-51.75882998811613,0.7241379310344828,9,1,False,1.2973204218434313,0
2,7996.621664996181,16598.956324112867,-737.6834877302175,0.9726027397260274,16,0,True,1.420327022607688,0
0,11405.0,18062.583983983437,999.0,1.0,15,2,False,1.324394108202465,0
8,5263.540881958946,7338.455317119062,-73.30882889474252,0.6136363636363636,15,4,False,1.3314859772440237,0
0,3285.0,4123.4516628595575,999.0,1.0,9,3,False,1.1883555648654198,0
0,3761.0,6569.857965426301,999.0,1.0,12,4,False,1.4003311198337958,0
4,1875.8077344234032,3292.39440123589,38.0,0.47368421052631576,18,2,False,1.3610106566702522,0
4,4987.780248018771,7676.449189979859,-59.945976793751825,0.8571428571428571,21,5,False,1.4544342509631132,0
4,3447.021857172398,5010.060087575528,-83.60408968185968,0.8518518518518519,17,2,False,1.1766011962350118,0
6,3899.518234986263,8331.373810147705,-69.93395233574367,0.7857142857142857,17,6,True,1.0606215983779084,0
4,5286.199933027439,6473.912925217907,-365.8718798093288,0.875,21,0,True,1.1618067850237077,0
6,4482.288648960486,7916.161357622322,12.0,0.6923076923076923,21,6,False,1.3436150934698925,0
0,6142.0,7375.019603809035,999.0,1.0,17,6,False,1.2558899919989035,1
4,1395.2425963652313,2606.801508728689,67.0,0.7142857142857143,20,4,False,1.390458108864293,0
4,2103.0982291536234,3322.487141528254,-353.70815133976225,0.6666666666666666,18,0,True,1.042337903704735,0
10,8524.404888410554,11673.407856988193,10.0,0.859375,12,2,False,1.324446473647645,0
8,3974.3954067514064,5655.23634627516,-208.32939852782707,0.4375,15,2,False,1.404531252184844,0
0,5940.0,8138.798638916988,999.0,1.0,21,2,False,1.3734245571271517,1
4,4360.827169637944,7872.169873652239,-481.281725662025,0.8787878787878788,7,2,True,1.3987575536082462,0
8,6385.764576747404,9410.74768517077,-18.145840241136483,0.8653846153846154,14,6,False,1.2405670692102369,0
3,1912.8436093148023,2479.1309737192514,64.89508272074761,0.36363636363636365,9,3,False,1.1705284257306539,0
6,4937.520801459487,6524.002374093788,10.0,0.8,6,0,False,1.3472605016053008,1
4,6632.2222682384845,10101.887555381236,-640.9826692965856,0.631578947368421,16,5,True,1.2526100164066334,0
6,5913.5057519472475,7025.832393715371,44.0,0.875,12,2,False,1.0201105452436272,0
6,6708.412607105459,9313.035203640962,22.0,0.5128205128205128,7,4,True,1.4823849961605027,1
0,1561.0,3035.80726658558,999.0,1.0,13,0,False,1.4796341945856013,0
6,3393.5057519472475,4702.176927357466,-356.54893011938634,0.868421052631579,8,0,True,1.0860612674118637,0
10,6106.107336788833,8041.217062914954,-297.153817631219,0.75,17,4,True,1.4356854422919878,1
8,7747.5051881656755,11863.76147285482,-356.0295852441751,0.6851851851851852,8,6,True,1.4683605201896448,0
10,7069.909228792716,8643.196155019199,-197.07836088915775,0.5151515151515151,22,6,False,1.1682902851217385,0
6,5062.093573347756,7419.041445972543,11.0,0.7931034482758621,10,3,False,1.222469813168721,0
5,3910.685836808935,5413.97773208366,22.0,0.2962962962962963,15,3,False,1.4607256280271375,1
0,1697.0,1796.2143315042804,999.0,1.0,22,1,False,1.4766219204200912,1
8,4922.322925849615,6966.106619080593,12.0,0.6857142857142857,7,5,False,1.3244589007718028,0
4,6066.279797520745,8303.761871241068,4.646236835703172,0.5882352941176471,19,1,False,1.0610201019465344,0
0,5939.0,7649.338826276198,999.0,1.0,18,6,False,1.4544430591714423,1
6,1681.5057519472473,2662.6675009503474,44.0,0.8076923076923077,9,1,False,1.110480526123144,0
0,4593.0,7762.047155996826,999.0,1.0,13,3,False,1.475633052654874,0
0,1912.0,2229.9037491294257,999.0,1.0,13,4,False,1.2060051844751434,1
5,2881.0688462990834,4360.542949969165,-9.31765965663854,0.6842105263157895,21,1,False,1.3982325351678924,0
3,7986.125812497584,7989.85091964324,79.0,0.125,14,0,False,1.0512655082880076,1
0,2546.0,3879.3196542724304,999.0,1.0,8,1,False,1.0473607188120264,0
0,2174.0,3237.5030451498733,999.0,1.0,12,6,False,1.4374593034933862,0
0,5424.0,9895.14575039563,999.0,1.0,19,1,False,1.0050558695285177,0
2,7826.62166499618,10850.51608681631,64.89508272074761,0.9636363636363636,14,5,False,1.3532535095499596,0
0,6679.0,8215.742718202058,999.0,1.0,7,1,False,1.0892093314787472,0
0,1728.0,1728.0,999.0,1.0,22,6,False,1.0520851070015331,1
4,1962.9683089828245,2459.400844948112,-187.88074583895786,0.7857142857142857,13,3,False,1.2592098326775352,1
4,4369.958336767473,5883.399936041573,12.872026268890655,0.6666666666666666,6,0,False,1.2485181818900462,0
2,3046.542854524534,5327.768724774382,110.0,0.8275862068965517,22,0,False,1.20398691242863,0
8,11256.14319423188,12770.267443830402,-172.7688055743904,0.5142857142857142,8,0,False,1.2265572109435736,1
0,6319.0,11989.023960766715,999.0,1.0,9,1,False,1.4921869875291995,0
7,4759.833246424676,7473.28662223867,0.23218899876755264,0.5882352941176471,22,0,False,1.2196924978282369,0
6,5609.798391119395,8390.74202169205,-75.37534416856374,0.8333333333333334,7,1,False,1.1939550496913791,0
4,4350.944778099417,6177.832273250216,-48.06026518395268,0.75,7,1,False,1.4365318389139885,1
6,7361.5057519472475,10682.541128201094,-240.68961176537144,0.9,6,1,True,1.3581028118517517,0
0,2960.0,4672.993793644183,999.0,1.0,7,2,False,1.3813877208107523,0
0,2750.0,3851.6818825878004,999.0,1.0,19,4,False,1.2623444593414714,0
0,6751.0,8923.802413137604,999.0,1.0,17,0,False,1.2812335297679809,0
0,4991.0,6863.1155183218325,999.0,1.0,17,6,False,1.2334447229229648,0
7,4033.0356638986777,5452.162045279295,-343.20192549330227,0.5454545454545454,13,4,True,1.405610474433097,1
0,600.0,1258.1555953117543,999.0,1.0,20,3,False,1.3610924659538863,0
8,5945.535536967807,8866.53245600736,4.646236835703172,0.5660377358490566,6,5,False,1.2680270000407687,0
0,12690.0,19980.59402427375,999.0,1.0,15,1,False,1.1851414390062385,0
4,3748.0115724385396,4444.455563807137,0.23218899876755264,0.875,15,4,False,1.2610919143326063,1
4,11098.120212822636,11648.94279251633,64.89508272074761,0.78125,11,5,False,1.2604049916115532,1
4,6501.5884008071625,7522.932926879511,0.23218899876755264,0.7692307692307693,9,5,False,1.1562240381667659,0
4,5489.005135434447,8995.545969133784,0.23218899876755264,0.6578947368421053,21,6,False,1.272218544132196,0
2,7019.327254015479,10243.31975785474,23.681017179776383,0.9487179487179487,14,1,False,1.3130761244919433,0
2,2080.4007384048828,3480.905497605584,-62.470055278846075,0.8666666666666667,17,6,False,1.0397808978673042,0
4,7412.419441448665,11506.246033513939,12.0,0.86,7,3,False,1.0310297784644116,0
0,3894.0,7175.979647299108,999.0,1.0,6,4,False,1.0195724460120927,0
6,8344.744742119654,11479.12617178291,22.0,0.7631578947368421,17,3,False,1.2695923672510856,0
8,6047.270568693453,7638.2871877142525,-14.493374315270273,0.75,17,0,False,1.0005846921069432,0
0,9179.0,14108.225110948197,999.0,1.0,10,5,False,1.34334003434067,0
2,3545.4601485928733,6418.987347796143,103.73356631744096,0.9655172413793104,14,2,False,1.2241153759346435,0
6,8926.67425239256,11419.87589566624,-378.9941073618365,0.8780487804878049,10,6,True,1.2984125935704578,1
4,2465.2277006400254,4701.655438970713,19.0,0.9142857142857143,14,5,False,1.4220173670101748,0
4,2131.8268946862972,2311.7407036829877,23.681017179776383,0.6666666666666666,13,6,False,1.0587579617053913,0
8,3572.9714370626884,5472.501026766232,-408.9978791752739,0.5333333333333333,17,6,True,1.204515176707537,0
6,9833.4571494058,14067.119489613593,-69.30762699330175,0.673469387755102,15,6,False,1.2577678195159294,0
0,2559.0,5014.760447017866,999.0,1.0,15,6,False,1.3954322300161417,0
0,4636.0,5718.79103582789,999.0,1.0,19,2,False,1.3908735526659073,1
3,2375.133125926963,3504.718638919505,88.0,0.47368421052631576,7,3,False,1.4240339862271731,0
4,7214.962829949209,7551.188653611045,84.0,0.3076923076923077,6,3,False,1.1176557865431875,1
4,3784.0952712096296,8281.04053649852,51.36868893419714,0.8888888888888888,17,2,False,1.2730382594240988,0
0,5032.0,7875.816766346455,999.0,1.0,21,2,False,1.2383334273399798,0
4,6114.011529780762,6707.908596232825,76.16562250705879,0.5333333333333333,13,5,False,1.3399387721273777,1
0,5280.0,8182.510050630356,999.0,1.0,16,3,False,1.1453208151516923,0
0,4644.0,7286.818860396602,999.0,1.0,6,4,False,1.4113669553039094,0
0,7969.0,12110.336306720199,999.0,1.0,7,2,False,1.4791971510690827,0
0,5332.0,7060.428897351712,999.0,1.0,6,5,False,1.4457250261193324,1
6,7090.288648960486,11258.446905943389,12.0,0.6981132075471698,17,6,False,1.387103981782269,0
10,7043.844237006806,9500.487049126506,-71.64664989919825,0.7777777777777778,21,4,False,1.136555151842806,0
6,5448.625718738739,7076.58596038665,-90.218834933398,0.6428571428571429,14,2,False,1.2720829085632177,0
1,2786.4007384048828,4992.591123006222,3.0,0.9166666666666666,15,6,False,1.3222442621256698,0
4,9538.120212822636,11647.130180254122,64.89508272074761,0.6956521739130435,14,6,False,1.227845853047604,1
8,5165.183897702598,6660.006048615504,-384.34905164782873,0.7948717948717948,15,6,True,1.1110534357149677,0
0,5360.0,7515.811937130179,999.0,1.0,22,0,False,1.203330628098361,0
0,3446.0,4958.432378866664,999.0,1.0,20,0,False,1.0533786690374907,0
8,8406.872656610612,9250.547506708319,11.0,0.631578947368421,15,3,True,1.1963880270852718,1
10,6907.107336788833,11705.52369118859,-1055.7179454614682,0.82,14,0,True,1.1437355028815384,0
0,5815.0,8720.16370270362,999.0,1.0,8,6,False,1.1423759218255642,0
8,4972.887224491258,6333.389929690242,11.0,0.7777777777777778,11,0,False,1.0711739706117176,0
4,4260.317317416006,9201.304887170727,10.0,0.9,15,6,False,1.3704157983551726,0
6,7483.21566599913,7728.070094910108,12.0,0.7058823529411765,9,4,False,1.1163772807154184,1
0,3541.0,7229.016054538809,999.0,1.0,18,5,False,1.1240054632019127,0
0,7996.0,12748.285264103486,999.0,1.0,19,5,False,1.4683267279774026,0
0,5504.0,7917.633674370608,999.0,1.0,14,4,False,1.0591467280360891,0
5,2177.658913334559,3141.952239996239,-250.83887237323557,0.631578947368421,21,2,False,1.4992223682275099,1
10,6609.116554757,7846.993640704444,0.23218899876755264,0.6,20,6,False,1.0061707114710685,0
8,4351.005928999467,5288.30417432623,-90.38604134549014,0.5294117647058824,21,0,False,1.2406108157409248,1
